rank,address,wallet,buy_tx,buy_block,usdc,venue,nonce,eth
1,0x07d851eb602905405e9900d843015692b1c30810,delegated,0x0e6ba0063269520657fd7c171cfd0b99ec10c5976abd6ddb332107b6e101d158,50146333,400,LI.FI diamond,240,0.018338009031087343
2,0x6655145ae40d912d84b0c003b708505abac6ddfb,delegated,0x424662e3c25a6485d279e876e3027de4519303f02823ec519593e69f3d8d5a96,50145963,495,LI.FI diamond,6,0.005218529717852881
3,0xd4bc64e31c8f216b07f0156b76fc06da94b73d26,delegated,0x02909dfc2469053b2dbc904854a0f652d36068a76ea7310dbebb9d0dc0fbda69,50145617,740.697398,LI.FI diamond,160,0.019288404700824838
4,0xa65e2589fc852f560a5ec5e1855e36cb4ada41ee,delegated,0xd86d532cad55f8dedcd27f2528d7327883dd7ad3fa6d8c384f6c3cd9f41229c1,50145603,250,LI.FI diamond,24,0.003014774012550721
5,0xb117e4b25e9ba7294e108f5fd3f1efc60b240050,plain,0x06ad3e818799a6d01a4e663ebcd3532c538f8fffaeb05e504d7fbb77d1908203,50145439,775.61,LI.FI diamond,224,0.029901393681135032
6,0x097e136f48188db278c7323169c85c2743a658e4,delegated,0x78065296bccfc71f60692c1c226fb6b4a253699019c9f241b6a36c6fe8c20c2f,50086258,239.861841,LI.FI diamond,129,0.000675741694402295
7,0x18972f82dffd661e774326a6275297923ad1ac76,plain,0x5fb0574f74b44057423ad0a9e6654fec499da2d620847dea05bc2bf0ba3e36df,50085351,2666.049812,LI.FI diamond,794,0.011798585490034718
8,0x97c6d5b8dd11d05591b230642f9aa3b79080dde7,delegated,0x024c24bfe4f2eec2a5b4b7adae1ce997c24e554c2aa1046271beda3217950a8c,50084997,300,LI.FI diamond,5552,0.015911233345906155
9,0x4772a15b7fbf67aeb3e954d9ddbb8dd50147b077,delegated,0x35d9e730ce8c0aa20a966d07b929e41e8f91e9ab7d195f641289eaa99ff69f49,50084685,330,LI.FI diamond,1230,4.205749430867617
10,0x4ea1ac3958582fb64b1481dd5a4c8641165aeadc,delegated,0x5cf7815fe27b91caac00c49b037c718d8e48481dbfb360dec7853e94c5138349,50084421,1006,LI.FI diamond,122,0.17331901085909057
11,0x7e0e4552d4ed7f4b8ba95d98f858a0e356220c0b,delegated,0x0168dc303e650d69e6c013b1affb8fac8e99d787d0c33f052050be13b20e94c0,50083611,452,LI.FI diamond,8587,0.000609951371871354
12,0x8d1508993b2b423c81421e720dc6b78279bc4b8b,delegated,0x37f589945b4f421a90dadae2d09aca496c9d6376f9221da1a0c3463a4642178f,50083598,855.295143,LI.FI diamond,1095,0.012820400417923017
13,0x08d01ebad78c6dc1dffc7c244d90c1143e906feb,delegated,0x1a09bf07b9affdee5f4cd619b10b13cb040c1a308547b05bbfd59c64f3c20fc7,50082987,300,LI.FI diamond,2626,0.004356892057919573
14,0xf51fe86498b83538e902e160f2d80c34c7d6b816,plain,0xfbb351a121a33cde7f51f6dbe014a5a770c8aaf5dd37b26eda23bd60ba9e5c8e,50082855,250,LI.FI diamond,165,0.000575959791465535
15,0xd3a4078d2601e12e426cc584224b56c9f15e83fa,plain,0x87fe555f38a14ebb4050e45f285952f6f154de768df9ab08b6c01adb570c3797,50082627,900,LI.FI diamond,25,0.0013458484113199
16,0x4cc2c6e14c96aed6e99087c4477e4708a5db11a4,plain,0x986f0a2dba60059ff7f3af74588008cd52bc91e387c071b0326fc1adb5e7e13a,50082604,537.41471,LI.FI diamond,3121,0.002550206783422435
17,0x7543ae755256476f32ec2cb49c253c4e5d47b806,delegated,0x66ee0c211009eb138399cc3823db1e97ae3459083aadff7e583177d94f4414c8,50082199,680,LI.FI diamond,704,0.007612021906178402
18,0x36dcdbb4813d4868cfa7771ee84f5221c648a716,delegated,0x10230c491723e82930a15669423dcbc5c11f45163adaf9bd8ada064d27ae0991,50082055,299.56668,LI.FI diamond,8564,0.004138614749549589
19,0x39d2adc5e4157ba9a75e0dcd8fbe56a163dc0657,delegated,0x6cbf605da5de8e921947678b7aee097833245a90a9118b05af8dd994bf53b91d,50081624,408.850022,LI.FI diamond,60,0.006989994562594604
20,0xf65968fbf1894726ebb0106d9860e65dc855a476,plain,0xca5925777bbbe24f79eba2bd5a1a8a20c19d4eaeebb060126331405738b142eb,50081416,1000,LI.FI diamond,71,0.000574927055237167
21,0x383376d6553897bba6f25eda99e7f319add69974,delegated,0x83488a15e6f2b5f6761c21c531e7a179561b9f7ef1cbb2737770a22c034c5038,50081233,1200,LI.FI diamond,341,0.004172041366763454
22,0xb6f4ae08901ceb98eb6535e4a1f12ecb14359b79,plain,0x49147d4f23eb5aef122dfabe2d2931a155bb636bd192198ad96f60b9439ea8cc,50080725,593.024788,LI.FI diamond,3338,0.01117253386990398
23,0x9f429b55532198750b78bbc9c54cca7fc92267f2,delegated,0x06ab8e178ef83d0184878cff4a22b0103f9048ec3a3d441cb023138fbc4816be,50080468,300,LI.FI diamond,9,6.7186217283e-8
24,0x95340b60c91a377704330b72e7e68954f22c66a6,plain,0x31df1f1dfc3d1689f264023bb7e5c195751fd1f135d626fb1880a7daf699dea1,50079833,250,LI.FI diamond,2104,0.016274678002227948
25,0xfcfe6c67cf9699369b46ad9f7ac1bf6de340ae2a,delegated,0xc4fdc03f250a9804ca5ad65679f86fa3ea7e4a4d169f4ade78b37c2eb3024028,50079278,2830.630048,LI.FI diamond,4745,0.2511455624621894
26,0xbc0d56377dfaac08157348e709af20c8f799df37,delegated,0xce540e2619e4808034fa3458be5c4ffa870ebbdfdaa85c7f8feab9b68e31f958,50079106,3000,LI.FI diamond,588,0.000825197282219031
27,0x40a1f1635572f520b83b4dc553965a0f4a4668e2,delegated,0xc4c7b735ad899e964be7024aff456ab4b0aa4eff5dcd8566ce4c7cd16c8a0c9c,50078713,850,LI.FI diamond,5402,0.001196325375900734
28,0x289cbe55a3d67bea6fa4f9499ab25a2787964b5f,delegated,0x6909326590a51a97e7c7204d0401b987c770060a5d20e15f18608badfce3d27d,50078649,1200,LI.FI diamond,6,0.002070198424153071
29,0xad0d70834f2aca219662fdb17e80253ffb99f596,plain,0xa061f1ea66d81291ee914bdfc5f1bff076a858ecc14ba9b0c042baffa076b259,50078343,536.449201,LI.FI diamond,1736,0.001301652687752442
30,0x5414f9922204475acd3e78e33d012ddcb9737807,plain,0x1f5e6bf0c8944d33b2273ec003a02a1105c3bed0d1f32ea79d22b0f725464dab,50078128,1002.774868,LI.FI diamond,962,0.004884270837304405
31,0xe805313b0144d1b56fe45e91284be1f0e98b1ad9,delegated,0xfac2c96e42eae073f0f72536584625b743fa30e98817267644bbef36f3645d67,50077878,499.758506,Socket gateway,92,0.000104833097889134
32,0x88403a1c6b55104c9fadbd7db7f0380c7c60b007,delegated,0x6680e87f312c6571edc0b30f3eeac4f2d3bacc3b89b1575ef758d42347e6a67e,50076244,250,LI.FI diamond,33,0.003109172524029609
33,0xf165eb5edbc5e727b433c4dcf566846ee26d9c9f,delegated,0x837604a015c3b03a160da420619fe0fe70ae398361ec1452ca560a978868fb53,50075816,438.126458,LI.FI diamond,168,0.00137786765682247
34,0x6d6695bf127c63d12c1c379aa77594c464202a6d,delegated,0xa7c677d85994e74904369b3177fb98e13658b80c5cf81eaf9b100f7d915588dc,50074352,250,LI.FI diamond,4961,0.006164243340832007
35,0xc8d9b774f920382e9b69900c9506e7126d3ee899,delegated,0xf1dd9f735d3fcf580e134ed83e511ecabea02551ba6281318816b22e085f1e56,50073989,422,LI.FI diamond,4420,0.02109804957670239
36,0x47f4ca108251b5db01f840f1063dfa991b231a47,delegated,0x7d1ca4e68ce08246c6bdce1e71cf887b7d3428419544e4535e9c895b850c613d,50073592,500,LI.FI diamond,165,0.007624402444796999
37,0x55dd7d8db617e34c37b43db2e1ef154e2558c6df,plain,0x775413662477aaec2c6adaad97dea26fa34873f01e5e6b0562b16fead18f6abf,50073547,335,LI.FI diamond,3757,0.1135440975439114
38,0x27923aac4806a997bf350ea801f9b30e4e2f1c3a,plain,0x82f82ea0e42e40531870b0e4624c6b5d0facbdcd76fa007da763f144b4d6e066,50072751,5000,LI.FI diamond,27,0.0000553606197809
39,0x26d09cbc0657e9149c477c999cfcd19b782ec1e7,plain,0x79260d3f49dd954ae33207ddefd01196b81570a2b192da8fa778a7bac8f109c6,50072564,1475,LI.FI diamond,128,0.001941602366261225
40,0x67312a62aab218f6d863c1d909f4abfab184e9a6,delegated,0xd6089cf5ca28d5bd94fad2f4b80f2a7317156e954c54e8b559108f14b5a36566,50072323,234.603395,LI.FI diamond,15,0.000589942511096969
41,0xaebbaa30111457ac34149605dc1c204c3019845f,plain,0x16694d278d498a2667fe4281c9db7db2cd72c042bfb5e42488b119d2e230e8e5,50072276,396,Uniswap universal router,7,0.001944868931916861
42,0xd4767bf7a0c2367e2b9e343e7462cca9652abe89,plain,0x3ae1821076913eaa58860a2fc630ac9f9eb0c7267a3ebfff1949d36eccc0d76f,50072246,593.406,Uniswap universal router,6,0.01736784190266957
43,0x506f860f7e4f44faac6c481475225ce7859d4431,plain,0xa5a02c46efa8a1d17abaca221e9bcb8884a90f44f152696c7d4ff29b8cdf482b,50072187,324.411927,LI.FI diamond,29,0.005603606835743947
44,0xa0d31d844275219ad4220cd1989d56cb02d5ab87,delegated,0x576b36802df7165b400719fb33bcac53c55dd42354c77e54f539c3ed80cd6baa,50072119,1862.2,LI.FI diamond,774,0.0448990399864635
45,0xab32bf707c9d9f78f1101f9b7b4d6b4b3727b6ea,plain,0x927082b52d38f4060bbbd48ff4337738b5c3bea58e7c27fed96bd5d912e0d0a4,50071664,3343.43,LI.FI diamond,6088,0.003231993020421449
46,0x241db02fa09e95be4e094e69c0730c2b3011bb7f,delegated,0xef0fa00ab09598cee4794ab6315984a7c0c660f383e6e42aa6a22789e3d0f71a,50071347,367,LI.FI diamond,39,0.00333260129430153
47,0x98e7adcdd26dea93f0c823eb0e9c4c9e787448b0,plain,0x8478cb442299c5d50e4ba20d39e1934e94f017dd86b29925f669707fdd354450,50071241,2099.09818,LI.FI diamond,12,0.001004633669197885
48,0x33b92c707624f5e680564506700aac7d40446219,delegated,0xce06b8d0997155798a48cba4fa73bf0c3a7681f4200be58f435f5f468f2d609a,50071215,293.865792,LI.FI diamond,71,0.001883238773879279
49,0x97219ef57a528c1f28a07a8c028b13c25464aea9,plain,0xd039057230b0c24052164aa6f496d9a46af4d4819e3d678fcc8811da3acaeafa,50071125,355,LI.FI diamond,4538,0.5102274732879751
50,0x66f9d9d87406d9682f5abaa572ce51929bb348fe,delegated,0xb35a0d3987475eef86bdc801f0c897571e191f4ca283e2bdb48b73a35516153d,50070876,240,Socket gateway,227,0.000031194329536719
51,0xc142841714663ef1f0b747493294f668bb11c715,plain,0x31b2f04440b0d6fc07c10231cb6a3bc59860501611509a84d8b3c0598c7abbc9,50070378,5000,LI.FI diamond,866,0.04359214494484032
52,0x08ed40e6736a56f7e6d64057a4fad7181f241275,delegated,0x46f2d4fa5c118a527f99bce619077e5c9b6bf4c8ffabb6d0a541d8a617cf802b,50070231,850,LI.FI diamond,8,0.000007743705661213
53,0x3a7534ca475420215a601667c59245e41409df6d,delegated,0x6fd6483c1cbb484cb4ef29f2e8292637d5f4746af503f876992d9d2dc5413055,50070155,313.824527,LI.FI diamond,134,1.68333159965e-7
54,0xa97d5e07e78afadf1679064bc11db66792430320,delegated,0xd7adcf5e4e936e922e9b3b7af05dba97e791e224be1adf9b0688dd91013f1339,50069865,509.709027,LI.FI diamond,705,0.002041153912147783
55,0x83c02189207a31e9faa3d7faafe26bb4b2a04609,plain,0x28df44bc712b0ba598f284bac1efc643d560fd16aaf06d2700f7e42868a1082c,50069447,242.52706,LI.FI diamond,590,0.003327878493573483
56,0x255946be628ace9aeb9ede78c56aea94e51ae73c,delegated,0xb0401ab93cef90a4e095163fe2d9ea7d227e3e3b23b61230ef883fda27eb28b6,50069280,548.857598,LI.FI diamond,529,2.4709089627e-8
57,0x50557235f108510c1ac184ed23ff2f270c067380,delegated,0x2d54aa96eb7ea340a042d4887095614e3c8f0d93b5f64318020533c474eafa80,50069203,722.731615,LI.FI diamond,7,0.0001
58,0xf79b27ed5b97bc8b11b1a6f4908aa552b8f04078,delegated,0x4627a88400c33106c91deb96d90683c0356cb0a94b67bb6e2ff26dcb3a6a99c7,50068965,11670,Socket gateway,237,0.000136135483967127
59,0x6a7967d6d1d75d62b8172f188880b2ae1548e078,plain,0x045ce2b40c663b71f3d88b1250f16005b23fb57942e879e7c228321c773b65e7,50068630,2999.66,LI.FI diamond,34,0.002086920348224044
60,0x95ec7b8238891b7d50849ae31397cbff36b58830,plain,0x4e06df82732d05774982144e7fedd7970857aff311926e519e6286b3e201b870,50068352,1172.934075,LI.FI diamond,62,0.00243859447977653
61,0x92fe12225c3f9c09db840a9f291c1781458e9480,delegated,0xb07942e734b5645617e406c55b3f31cba9efd749d53a153ca404d85911acc932,50067999,306.743046,LI.FI diamond,9,0.000299027379437719
62,0x280e6bb50d3e2b2c5bb920dbfadb8d364de51ab0,delegated,0x7cd3fd59e732f7d8864d7e01fa762fd5ebfc97aa9cf16e7d63e008e496d1bec5,50067389,500,LI.FI diamond,7,0.002578703517745906
63,0x9a01e3f9f6637632bcecea9be3c58f3efc6476cd,plain,0x2e3f12d134247a13ad612eb2bd8ec0b99ed7352a00f90f380ec780a85ea8dac3,50067373,4200,Socket gateway,6,0.001406619505396365
64,0xb5aa5ac7d261a05ec13b3ad355f366142045d586,plain,0x55aa61db5d2a44fc69e4ceab187c4d484a80c9e922eb0678df9269c06a2f47b2,50067345,1200,Socket gateway,35,0.001423114322648058
65,0xab557c6f9ce292b1e5467ea0cc1b9666a88b9dba,plain,0x48e7e57aaaede02908e0d9e5cc6d1fbb787426811eab43e78fb073d3d4f95d4e,50067087,2000,LI.FI diamond,229,1.1287260813640378
66,0x95ef049f6ae31080be938b56840cee02da0b79d0,delegated,0x6396922d955d6ae778e85b635e8511a1c42bbb055f01a328fdea658a542c30e2,50066608,250,LI.FI diamond,2418,0.000351150942592524
67,0xddfcf739e9a9308b261f210992fb2aafe9ecabfa,delegated,0xdedd59456449a08bcf86065bd67aa5304cebf4bb0cb03ab8c9598f3b4fa47cbb,50066336,250,LI.FI diamond,810,0.019101609458425303
68,0xc24c393c24f6f3198007367cd906ffa00eb85921,plain,0x82975eec7761a31fed2ca005ec828698abd7427328ed533b025e0a36dd23ca58,50065938,374.354423,LI.FI diamond,4718,0.2959838286235168
69,0xf46f50746ba6a70ef14c85c179adbb3e4109da48,delegated,0x994b829f26fe9d12d7930f0e5cc963c68e14878a2495de06a2e9ee57c8c615bf,50065776,500,LI.FI diamond,89,0.00193161127313247
70,0x5601478b3bd6e9644135625a0360efe853e0275a,delegated,0x1fa295b25632dcf1ff28d31c23a5e18b60ba62f0cc27133830004e415d94fac5,50065609,2334.624021,LI.FI diamond,24,0.012579582218172824
71,0x8b9f8a0330c67dcceec401a76df6506145c48a47,delegated,0xc56dff64dc35ed5350b1cfadef51818de5fc930a5d00433b1a9406b388bdefd8,50065515,247.525037,LI.FI diamond,4411,0.4400148101054236
72,0xfd29653ad06b30dee37b743bcdc4544dd118dc44,plain,0x5b65ffeb628eaca0bef4a153e2f9d11dcc826f1ef59e3b6b50f62e38ff5a50d3,50065316,695.092811,LI.FI diamond,8,0.000991042743047616
73,0x870ad93ac69dc38a9ac7cdcf4c36e06ee812d672,plain,0xa1df8ca35db61026e4cc7f88fa9f9b1ee05205a8aac1d4aa8767ee872ee875d1,50065049,479,LI.FI diamond,36,0.009612757909633628
74,0xff177611293ec015e347ac64e261439c3f31f419,delegated,0x3e36fc8183d664f21f00fcf5177b9be289d5f8dbc06defcd0407b8b5645db2d8,50064803,953.296108,LI.FI diamond,301,0.001961717640454533
75,0xd0aaf0985e224f44767fbc9034b2977535af9d92,delegated,0x72242f8007b19e0701ad7ad2294edb479c4145efa63e0d979a01a8c738e42ce8,50064711,500,LI.FI diamond,39,0.12567655708153905
76,0x8fdda6431b929e8d84eb4bd2a8de5abafd2ae112,delegated,0xa0b7f277f5d0f64772c085c121913a7d4a015144dc0c95776187209181328577,50064704,400,LI.FI diamond,231,0.001244338505903354
77,0x283dc41691916896fadad7b20befe4bfd11d454f,delegated,0xaca2db99d8cc1c855166d36601a7c8e0905e260b1be461dc3ed32e59d38c23b0,50064528,800,LI.FI diamond,13,0.00111406663869235
78,0x090da0ee7db13fc04467a0750f267522106f5574,delegated,0x74a16e441d65e8f0b25509ea2d40b2eb75e545a940badea62c97af3ee29ef101,50064261,490,LI.FI diamond,405,0.002962508365254894
79,0xcbdd0e1e46a1449352d027f6e6066d5cd4be07e7,plain,0xc6fc0016956e51ef5c230a3c730160386a0e7654ce01253dabab5d739d5dc425,50063396,265.061987,LI.FI diamond,25,0.006666440818677363
80,0xd33120f61c558bca0b81fd3dfae1357cd1b2bbb6,plain,0xe9dd4790e87baf6f868b86e82668e7532fc6eafb403a96c1d9056bbca517815e,50062998,1000,LI.FI diamond,63,0.016501222472338237
81,0xfe017751eef78ea015cc21036015cf89f5991adc,plain,0x533d679fc13000bf06958cc4286658d27d763d814fead9e68673e60e012ecc41,50062979,2892,LI.FI diamond,9,0.000502646768507437
82,0xf917e65acb4b9e51e2240c170ba551a339365eb5,delegated,0x30dcfad79b3f20882688289138a018aa845b4db30953f94e56f96e4d558a8517,50062892,551.762249,LI.FI diamond,23,0.000189983696814112
83,0xad279d438249815e181f4f27d00db1d9521a066d,plain,0xcbfaa8a9a7918fa73396381570d424128df6106f9442e580b44359c6c102cf44,50062881,268.418021,LI.FI diamond,87,0.01582289280437533
84,0xb0b71d37e4c9fd72da83cf5c501bb3a59d0c7a0d,delegated,0x84c7681f9e7b1205aa3d9b9443689f89238227cc7ca8b48bf706777225745fcc,50062621,551.82,LI.FI diamond,226,0.011079159158205489
85,0x7752a7dcdb28f1de65167d60d1acda04e5d71595,plain,0x4302491f3a479c5902ce69328afef154699bb1b1b71328107c03a0d0feb3ac07,50062011,300,LI.FI diamond,371,0.004739499450877231
86,0xa3d7a91e15db0d6f156ced231fd0b78ca567d1be,delegated,0x028fdbf893a53d9a6f04f1cc9382c30caebf426a0f3f206d98f2012c30adc047,50061637,735.817629,LI.FI diamond,5,0.000222708121056683
87,0xf6f09c928a517e5db69654b1a9f2e4ab63bbc0c4,delegated,0x8c54408a98ad83a5dcc8555159aee26820fa641eebd72a2825fa260295a8b903,50061493,479.99,LI.FI diamond,5,0.00004980797079335
88,0xc9e49b394ca625027f322b797d95c3fb6b550b4c,delegated,0xcee04ba1d47b1d0ff20ed98d61bbe8995947683cb74b501e2bd004a19c94fb6b,50060468,1340,LI.FI diamond,922,0.002915706185417636
89,0x197d53037760d2cb0a5a8295bfe86e9e72df4e5a,delegated,0x6c5cafc012a5097438cfc709a00a86c94b05200eab25e3035b02f3ca3c4ff3a4,50060379,341.69915,LI.FI diamond,6,2.46593180185e-7
90,0x3b1f588f3f4b96d77190025abe0b7c9eb8f26ed2,delegated,0xadafbd6e44b08a1b97fc27d8a2ac7662c121a82d9b38f115debbf49211309056,50059681,647.502663,LI.FI diamond,32,0.20792290505788466
91,0xf246aed9b44c996de72debd5d294b4b6b4267165,plain,0x3476a31bbe677b0dcb7f70d8c6e52db421c2a1ac220b7ce9663f1af1f63f04ca,50059257,1000,LI.FI diamond,84,0.000087185005085857
92,0xfb5a34f2350a8de084146caadec162b59caec6d5,plain,0x512439f02881bc61e101f09442cc5d913f81bf7601e339b545a2b588427aa88b,50059113,260,LI.FI diamond,81,0.012881537459560303
93,0x7e4efc2ef55da8df72b13275d8d39094a7f6d158,plain,0xf3c5b5aa7d5982f263a24b23da9658a4a5a4269f740219107bae0159e72541f1,50057804,411.460247,Socket gateway,145,0.003022384049917392
94,0x4fa9456143910063a210118f013018c260b33c6b,delegated,0x2aa4c01f2d025724bbd34220f647d439ec19f654d1b25912a360a1a604e893c7,50057375,999.53431,LI.FI diamond,1234,0.010852122888042416
95,0x3db5edc9cbb9b369b11c1ee7466f55049882e310,plain,0x28d38adbb943db4c2a44fc32f023674bf4634c3c417750b01765174e4246f3d5,50057319,1765.105414,LI.FI diamond,113,0.000593197708379659
96,0xa68d04834ae438bfb3f1fc46316a73cc51895333,plain,0x035bef150351d3ad7114e1cd88ae83af7e2cbb4f287755215d5dbcb14fd4c1e3,50057053,544.8741,LI.FI diamond,5,0.000070840924912561
97,0x930f61d4e4df28eabc97559c1c8b4693e0274164,delegated,0x05868c40e64d124a958e3d09acaaa8b0f7be83a16ea8f58c78b1c31931c55983,50056715,999,Socket gateway,583,0.000009493334817404
98,0xab3f84e062fec0bc91ae940a94feb2876126018d,delegated,0x34fcf4ea0fd4ec090de87751c3d6e3bea8f6e9b751b5b9b4663d6330fa88e457,50056474,306.449656,LI.FI diamond,332,0.002080034875924473
99,0x97f60f8a3e9cc1366c296f5ea7f8c47511ad7dcd,delegated,0x8fd9d6d0694b6d06951821780d79c5467f9062f80218c791701ef1d9aad2a3d5,50056326,2329.332929,LI.FI diamond,80,0.007582644945011912
100,0x07fdee300ac4dccabf899cf815904bd166615a73,plain,0xcee5e45b9efc02ca096189e845bc9493727ebe12cafb6eecc7041b1ee7471dd2,50055635,2025.297577,LI.FI diamond,235,0.000143154986996974
101,0xd103a7ed02fe1c58d5986c919bcb122b93340a1b,delegated,0xb3331a9a875bec0f817805751be82887a302afa7cca37063722a5a4c160bb228,50055418,593.6203,LI.FI diamond,47,0.000054336313545532
102,0x373c5267a2c4e87a64db4b046cc13afb9163e42a,delegated,0xca1cd2b54149ee082d0f0f345a55dbb9125467b2a6f1302c1cca4ca5764670b7,50055380,244,LI.FI diamond,32,0.000228926609201216
103,0xc9e669fde217c1b01a729727e3a77a5cdeefb56b,plain,0x5e891ef5a997606c67b375e1b5bf9ae86b7e51f0b967975d54caf5d7480f53c6,50054250,744,LI.FI diamond,692,0.001514074484710192
104,0xb2ca7ecaf11523fe0db5f68e100b5536ee8f898f,delegated,0x1cba31e25df6daf9e77002bff05268789be7a5c01d2c7154310c1e81011dbb4a,50054179,805.512025,LI.FI diamond,5,0.00007729473985
105,0xdc8b5827831a2015dcbbd4a9a51552feb1a67822,delegated,0x69b012ccbdc424df1518919db102fe5f82652a4ad8063de40f290504ac3775ad,50053997,1500,Socket gateway,194,0.015628255138708396
106,0xbe36c34f0cdd28ddf6108c29f0a128f53441ba82,plain,0x26a51a969dfcde32ce5d034fd028f69e56188fb405de2cb2d7554c635ee7bd07,50053863,250,LI.FI diamond,823,0.2616782321601047
107,0x2f6c24fcace697f8f52d14c94a57e9eb1e2666a1,plain,0xebc58a2b32c3f81c7bc504a61cdba4dce519836dfaa48a0c0af505b58fc5f152,50053110,354.59,LI.FI diamond,6409,0.002325122777685255
108,0x1a12af11fd5d2e3e6bf19709e2d3d3ab01c9223d,delegated,0x6e70ec19fe8a62ee2cb82c2b023f06a74a9cdf15dd337c1a9d9ebd8911f0a260,50053039,293,LI.FI diamond,12,0.001283299559050513
109,0x89024661f27ac3666b424bacd3e65dc2a18e7ada,plain,0x5a6b0ce1a8540654e43b798c84d03125e8bcb9e5c0e7de3f59d9e3fbc2fd431c,50052523,500,Socket gateway,334,0.004537163080580019
110,0x8b7e492f19642c78b49bc50bfd7a9c1ab9ace728,delegated,0x1468e3a70609c4e904aea22743e91106a6bdfe7ef1775c30c82a610437af3ce9,50052438,267,LI.FI diamond,173,0.000236488506145697
111,0x01083e285456e8e12606869df2fb75fd305706c3,delegated,0x15bd461a4bb5cd559d6a4d32c2b760da246da14a833661e4c5db352965ee22a4,50052326,3600.000035,LI.FI diamond,60,0.000178642962943786
112,0xc74c1513b841cf7d8fdf2a404199a6f440350f66,delegated,0x22f427de0a76ae0ab8fe92cd7203c4c03e66e176a8a9b070a936e3cad32d1d4a,50052178,3917.426673,LI.FI diamond,262,0.010058814854726388
113,0xd2b342797e5ffd1a60edab286dadbd2be695631d,delegated,0x223fa5434731bfb5fac88050371af4297845f13439d35f4d70e6705fba6aac54,50052014,1000,LI.FI diamond,64,0.001094656373273699
114,0xaed6ad51d9a06525e18f1538a22abb6226bf3965,delegated,0x97bc0ad5c8539c234130f264a15d32e94e7ca8067f362d55e2e61914a68298e6,50051596,520.311456,LI.FI diamond,21,0.000600987408891468
115,0x841bd86403775664d272b884c866cc7c804ebfad,delegated,0x511fb3b1688a31360c8c8f91167a9ef308dc490cdb157ab0bac4d10674a0beaf,50051532,344.233165,Socket gateway,305,0.003741931103246133
116,0xa2a8e1c412e7bc8ce68febe48bffad6e7524779e,delegated,0x42dc12484e999ee713589e7aef003efc738b63dd87871bd84ea50217e6c22fab,50051433,2447.235015,LI.FI diamond,155,0.05826534986336164
117,0x2741db011195d3400bf2466734a5fc143f3144f8,delegated,0xa12a779029e4d46babc51e9670a71ccb6f0fc18e609b3f5ae0cb3ff2165ce892,50051326,600.000078,LI.FI diamond,33,0.15705319538976317
118,0x19c5327ef25e0044d265bad6bcf821139dc9299c,plain,0xd385a074cfe13cfb56c6abf4889748531c4ec44028c7aa3b8cedc9e8b5d7aee9,50050930,789.393973,LI.FI diamond,84,0.000217899179452045
119,0x980a623c8966a83b56febc534ea15482d7e86adc,delegated,0x432d431c5482939d2e2ef72fa893a58895118d63fd21339ce4eeec645b2b5727,50050255,250,LI.FI diamond,1260,0.000326639880711287
120,0x714a6143d3c132af0c20200eacd26f0558c11d52,plain,0xc7def48e9acd1b9c4e8c44a451b8b1eb370afefe1d1dfb311b45144afc778cd6,50050139,300,LI.FI diamond,109,0.000034469125356856
121,0xd3dc12e1315ac302ae939df23a23b151a44304ae,plain,0xb758f221034a009e8fbf90f099d14dc9a542222ca6d6225d1a0d6be412e2a6c3,50049490,1500,LI.FI diamond,1759,0.001407195772307193
122,0x023c1a01108c35b72852a5cd4e0bb5123da9657e,delegated,0x0bd662a3c1e5c597a68f14f0756f25477cba1ca1a87c25c9960755c42ddc534c,50049398,15000,LI.FI diamond,258,0.0008310774152142
123,0x80e432beb6bdfc5e2c0b000670203810a788a3e8,plain,0x8d00377284f877f101aa5a51ba1368fc7fea5a604bc69e1bf32a983e18b853fd,50049349,7500,LI.FI diamond,72,1.1385297847885398
124,0x5a588ee50dad9c78ae826e9419bb2c16e5e4b02e,delegated,0xde20574c7ad89f57b1256cf16687a9a2efdb6baa422f4dc6b605fa720cf310d6,50048396,999.85,LI.FI diamond,213,0.002006666218211951
125,0x8c12598966973f833f8cf2e9e3a28c7016cb5e72,plain,0xb19453104e17dc99e4bab7a84f95231871806c5cf87a6029a9771d7b42f45d09,50046972,5983.401721,LI.FI diamond,325,0.03284801620015938
126,0x9229d09c78cfbc973585abaabaf25dbe453d38a5,plain,0xbe01a980a0d320fb4ea4e6b41b0dc12e22cffd9cda7c6b4090a86b6ac4b6ffa7,50046195,575.68998,Uniswap universal router,194,0.001242212191955033
127,0x0cbcabf9ffc5a53976aa63f2bf092166b3727151,plain,0x2b5a2d31f4d61ca30b12c06c218962e4997f8383c80953daa6fef0c9b2f1aeee,50045910,1400,LI.FI diamond,1150,0.39357045147891634
128,0x366c20ce8103ccac1ae9d37de7e32e07ada3d12d,delegated,0xd709a62e1947156f3a583018455a12857e3a11945b07d5c9446043320f9f02e6,50045157,2000,LI.FI diamond,325,0.000092620096008209
129,0x7bd6a3e266f4ca252d38e74fab528f539765924c,delegated,0x341898294f75cb5503cdf305dcee03afd572a61ee9d4ac82cbd23fe25dee3f2c,50044467,2902.277294,LI.FI diamond,1183,0.000453104840955316
130,0x278e2ddc31ee9fe61e73b10ee5ce5fbf5a401049,plain,0xd54051d2a1bde74a4fba78fb0e52ccc9ab08027eab9dc8e7282674c67d8f93d0,50044424,258.897614,Uniswap universal router,237,0.044930414079888126
131,0xe4c0e4bc40edf111710d6b50cb6b08e551820b11,plain,0xdc981d6920d924e3e921dcd005e6602679bc89aa0c56d010f770fcd8aaa81e6b,50042630,5001.766688,LI.FI diamond,166,0.003507817425180858
132,0xbe2174ff12a71b6deeca5b9aaf4c2931e8c62ae5,plain,0x7d578c821a7c8229e6fa42c5d80041bf72867ac1919e865bfda77f7cd25f873d,50042586,11070.173563,LI.FI diamond,800,0.007994025806718394
133,0x8fe4ef6dfd0f3a84e11d995a3f482b9f9f4ba7d6,delegated,0x58d478b6139d455c168513ea5a058a1431eeac5fcd3c17b1bc8ea71e5f61f2a9,50042369,20770.979054,LI.FI diamond,37,0.01147164725553348
134,0x21800f06ff88b43d29b0acd797be3acd485590b7,delegated,0xd7de77711e18610f750932d558111967dc2d553d5723b0f883ad60412757bb88,50041688,600,LI.FI diamond,1475,0.003618442930753569
135,0x6656c1fc1d79b522bba854035bf25d12d42fdae2,delegated,0x622558e92fbfee2dae8c917c139c26499f2697fa1ad20897c622a26e6057244d,50040694,261.54722,LI.FI diamond,372,0.015700933618510125
136,0x254dfec48bc92df35a1ff213fa7eeec560883bca,plain,0x3fb8e330fc3362dbcfd288ffefa23c5e663ce1138b2f8024e1b9564659cad84f,50040470,291.037094,LI.FI diamond,6,0.000587987637348619
137,0x6c63aa1445b5da4cb2fe643a9cd3a662ba4a188a,plain,0x0fc6b5a32cf0883ca3c866955f35729e3d3a651f48e8a1847d39e09e97f10899,50040286,400,LI.FI diamond,55,0.00023152992613503
138,0x3217e61195bdf15b19c0f8657f6651485684c218,delegated,0x945874cefb7ad1987de3920d776eedc69863bd58cb3e673a4ceb11a76fd8d696,50040167,9500,LI.FI diamond,213,0.005458946838045147
139,0x6426be9e8bb7bcdd6379573a501e71622c57017f,delegated,0xd75db18522738f151cb542815ae893c49cc65c11769eecdb5892cfda5c3c66a2,50039827,600,LI.FI diamond,199,0.002280577866370609
140,0x3df066c8bb812462ac745353be9e40d44dc64b03,plain,0xdb16553e2db531907e3eaef402beadd5bd9eba2b867ce45c19a0ad62b4114571,50039545,300,LI.FI diamond,203,0.0290370702883941
141,0x0dfa1aa99c4bdebd7d81acabe11c15b66ed831f4,plain,0x34dbbd95ff1aaae65f0dc98facaab190724231c50ecf3a0cf3f772759ff5d245,50039112,711.166073,LI.FI diamond,195,0.000004059934448604
142,0xd73b4d093e3d8be30eb69c7ab0f1eed9f82aac01,delegated,0xc1cd21744a2bcc7c9ad9fe32e92e9455ff0bf220bd5a2656c3dad568aaaa4ba6,50038704,454.661305,Socket gateway,11253,0.12169577424678697
143,0x1096a8deac43ff6efe5b84ba15f757375f66cccc,plain,0x4d9f1598f98ce56a5dcb19de48735f9184452a6dd30c8281499e91bb240d9f6a,50038405,1000,LI.FI diamond,2534,0.014492098533207716
144,0xa91e492b00c00b6a05186e85754133d2790ea009,delegated,0xf372e5c5501324a9cb59ec1d30c68aa456708b322755f9802916c0ec63fc7d3f,50038367,499.697458,LI.FI diamond,5130,0.008697643890766528
145,0x53886038cfb82a1730b6a4ade216ea464349b93c,delegated,0xb1f3e502f960ad7457a85d70cb4ae8842e6e5abce78cb2f45b459ac6a80dc328,50038238,1000,LI.FI diamond,2753,0.004418245826887075
146,0x4a9bec3c2754b494fc81e8e4bbe7b8e48e216844,delegated,0xab0f311b88439e246411c22b672f7e0fbbce58ac971eafc943eb05dfe2a7eaf7,50037917,300,LI.FI diamond,13,0.00244293875165785
147,0xea02ecdd4f8b30ffe3efcd146f6d1e00c340cbcc,plain,0x8eddc265abc1ee5aa8f0d52ef0905053b9af0a10e7f433a5ee6b3d0b60a48aa7,50037405,509.946776,LI.FI diamond,1232,0.0528922468264708
148,0xa54c60bd2294a6c1c86e57787981afacf9ef86e7,plain,0x97c0073dbc443b5168df4daf8496bfd0e946bd511eb7554737de11cabe646cd9,50037111,2434.267613,LI.FI diamond,1467,0.8701836448444302
149,0x6eaab251b6eaeb043154fc0a678a7bd09ca49a11,delegated,0xb8c32241f1ee226cadd7ed7cdfa8b15e780af2dd7e0ec48e981d967812500a37,50037020,325.453494,LI.FI diamond,379,0.026143277974292715
150,0x6d1bf868f2792501f5175c6f98bfa7fe882c6d75,delegated,0x8339e4436439b95c1d50f41be5bed66a020460c51fbdebd69f10c440334eaf09,50036780,418.875203,LI.FI diamond,410,0.000005146601892105
151,0x1a571070f88cd0b93e56be6bc60b1a77eb53f792,delegated,0x8fb00cb715b42ff8451fe5fd482508cab3d2145b04aefafa0ab2771b360c919c,50036425,300,LI.FI diamond,2222,0.006114854575308827
152,0x6bb64480a06e122726a3491ed62f6d7321c22edf,delegated,0x9a68db2f7b19e7a7098501cdaf6fd887c84628da96dc10c8aeed0c994975b8b0,50035053,894,LI.FI diamond,6,0.02842644325712861
153,0x001b3f996cd3d240dc0738996058a38c0d7041b0,plain,0x1ef12e0d8e57a8a276d01ac23e79289c4f5135563119516cca6722e13009dfd8,50033777,10000,LI.FI diamond,91,0.02607624577908929
154,0x649d499871faa136d971d325cdfb742b06b0953f,delegated,0x2183525241a24028a393a83ced3a52cedf0ad40c0d59e7847d59badc1b9dae9f,50033620,2307.717324,LI.FI diamond,1761,0.003491778381512466
155,0xd4c8e4e480d2b38d74b39b0ac1c447689580633d,delegated,0x20c92a45596bb0ef80f5972f1587a0fae2f907802977fbc11ddf826c1760ee26,50033481,300,LI.FI diamond,1413,2.2886009198e-8
156,0x190f352848e520a3d86ba7ff2dd2c966ad5cdf87,delegated,0x5ab5ee36ae8515333b08a208239d3b9a538f9a068e0a3ff09f9e482893596186,50032729,500,LI.FI diamond,393,0.004018595234836536
157,0x0a7eaee9d588c0af4eac758c3bd6b1e69e4d8f3b,delegated,0x5fdce41d396d96bdc78bf9c0e621e0fedaba586ee7d72dc871a079ff7f97f954,50031256,1309.755248,LI.FI diamond,320,1.5368623299572126
158,0x6bf6c46ba7f8536ac1b31757e4b3d82cef1584cb,plain,0xa1fb7729bc49b55074b813edffc69dd1b53e464060a46fa4c561a4528cd4fd99,50031114,513.032586,LI.FI diamond,7623,0.12307734684357914
159,0x29e46015ccfe13cfe8dc96d75760a6290df311ee,delegated,0xfc6f017a0d73b756c866a4acc9e92695597a4fa4e867e864e422108d437be437,50030728,1000,LI.FI diamond,46,0.003075652117262421
160,0x47d0c1073fec468cc458bacf8cddddaae0ba5381,delegated,0xb78f9ec93c605308666edc3a061b668291182d0327471f071aa4654cb7600b30,50030521,5500,LI.FI diamond,695,0.01940130429358527
161,0x5ebc94fd391ffdb12207acbe5af1d493160b3854,delegated,0xcc54abd4ff76c3b1d64d30c52ae32dd40b7a7e111dd905e0b85b139b4f54dc5e,50030297,15266.946365,LI.FI diamond,84,0.004278720141559022
162,0x6551224c5c43dfca751e31e92234f88aa4d07821,plain,0x9a707dbb79509a0c895c158d728706ae6cc15fca44ac05c0b6158a595afd2e00,50029673,2500.374881,LI.FI diamond,19,0.003400597746597345
163,0x9e0bd828c87b66811850b98c1331667bfd545bb7,delegated,0x7a96c3bd7ccd51e61a5ee294c6c76ae5325be3602bef8616def15d0e55134e87,50029275,1315.840098,LI.FI diamond,17,0.00837471389683784
164,0xcfe762a367faaf39b905f4632252a21cfccf8dab,delegated,0xb5ceaa73046d47412412d367f40852bc1a03f6ee983896a05e8c879e6d64d226,50028058,325,LI.FI diamond,131,0.001745567713477749
165,0x82c825ecfd2c22e615a05307049de93b523d6c65,delegated,0xe2c5d6ed5b2d55f8712530bec9d9bd4c816ce4bebe05c6c41aad1c90af0efecb,50026459,500,LI.FI diamond,41,0.0262611062371793
166,0xbe5c5ab22dbc52a70a2341ecb8d849d41b837155,delegated,0x96963655c75cde43037145a55fb6469a5fc71063e932930941f58ede59287bb3,50026381,3539.32045,LI.FI diamond,277,0.002964483201582653
167,0x0c11f1bc7753cbec424976fd9c6328a3cacf0fa0,delegated,0x63ed8acc673e664fd4c5f11c490b4226756be5e8e6d93ecbc3beb3eefdbb1b8f,50026320,400,LI.FI diamond,179,0.000060993462292616
168,0x5254b002fcae6f4398e234704d2bae7cdcb8ea12,delegated,0x54f9c456eb81ff749e43216586cab842abc84333b21e388f57cd29a2249d4382,50025954,230.566063,LI.FI diamond,1090,0.01886599259524155
169,0x469078adbec54d115290dcc044111f5e9bf780ba,delegated,0x36374da406f03e231c3ce32d31aea4fa8f247597c34b2ded1659392c1be425d3,50025855,500,Socket gateway,10486,0.002006386040835002
170,0xd13b4c2267cc7d103774d8ccb95d469d20fe47fc,plain,0xc7aa747e79a35db100c3044faa3fb55e8a9d63e27575908f5fc8ca19e7a70d76,50024672,2090.209997,LI.FI diamond,61,0.05029732631214085
171,0x8346f47a0f6d2b2dc0a015f200ed6ee130e05840,delegated,0x900b2a7dd451befb3b3855d19bfce285b3414e54d073fedafd5ad7a56c22206b,50023091,606,LI.FI diamond,58,0.004682319139381422
172,0xd6e287aac6e0802b2c636af0f718845f3cef2377,delegated,0x1d291594e3ebed5e2fbcda6f8861c8296d8b78748edd3f540afbee65e2efdb3d,50022881,1350.67884,LI.FI diamond,323,0.008972773027201607
173,0x7cca7772fb71443166c371df4a088a58f4d3eab9,delegated,0x703c56f849bacf2504455f37cb091fce7d1e73f5e429340d7c74c1deb58e4d74,50022452,453.83858,LI.FI diamond,315,0.001856878891849911
174,0x0ed2cc82e951d7ba2bf05d08eda7dddd47d559fe,delegated,0x99ef4eea961116e60019b63571334e22d7a352dfbaf1249e40c1f4a328595d20,50022227,1464,LI.FI diamond,54,0.00234563612314563
175,0x51f884ab949bbf579f0ce646c42ec8d87aa22b77,delegated,0xe49cfb32983b519738d14181cf25541aec4614bf472f18fb1081cad2e8c0d6fc,50022054,306.350007,LI.FI diamond,1092,0.14650329766914053
176,0x21a6ceabdba257e2d7cb4ce63a38710a7df20a3d,delegated,0x4aa80af9295d6a441501e234a1223b326a59d04210d4649167278e53dc07d6a0,50021709,3495.78939,LI.FI diamond,320,0.009167522812031852
177,0xfd2e83c5308bba3590796a03667904d33c3df2d2,plain,0xf15f5ea2b9812e82851bcd50bd8a346179224e6d9bab9a5f2549e443c654b800,50021677,1165.56605,LI.FI diamond,1432,0.000185744797918755
178,0x5d33bfdafc7640cba9ef2767f051abfb064f3573,delegated,0x5cc77a0ae840740c72d72b6be5221fdbe0c49ae51914b2e31cc0127980d6f618,50021475,760.213037,LI.FI diamond,267,0.00285140754697598
179,0xcf98dde49df6ff0095b3dc97fccfed883cfcaa92,delegated,0xe49e4ca16fa6d6b73a0c8caca7b1ad46a55989f72ee3dc2be6a98d7b41ebcaae,50021179,500,LI.FI diamond,3076,0.019739631246690603
180,0x35cde4a8726aab02323388a7fceca4b8758eec7c,plain,0x72472d5179a0aa4a82c3d7620090a9f70f37554805b491039bdca63d19eb7bc5,50019870,4950.739244,LI.FI diamond,22,0.002205633407115308
181,0x9e580233cb74095790808b31e2e9d6a8d692e556,delegated,0x8f8191d71381d7644f5b6e1dfc42e421a1e8c1dc3a41051c387a46561264b1c4,50019865,313.380284,LI.FI diamond,24,0.031172764956915375
182,0xd474d53a48b313a2037078881a3a6b7c1e1eeddd,plain,0xfa313d5c40f28884890231082fbe1d7cba3ecb242b292deae74123e386704b27,50019699,3449.04,LI.FI diamond,28,0.006004578847856962
183,0xe7614139de8aeee128c253fa0c58892185d72045,plain,0x737c98e3edcd2a3597e18bb8cd4fc2c389ef3827145e299f156aeb8533d0ebb0,50019290,2109.542404,LI.FI diamond,171,0.004859795965255218
184,0x5b580ce88c36ac3e5e520b6b1e3b94020ab26097,plain,0xe959ac55fec0a600637d82a7beeaba35046a4f869542d376d7b70be5d51cf290,50018279,262.466997,LI.FI diamond,56,0.05224790487484646
185,0xc5198410ffcd2e2829136d40b614a8fba3300ec6,plain,0x3717fefc68b44e88b6b3593e2cfd5d43db249359e5abd964912603fb6d545fdb,50017411,10000,LI.FI diamond,106,0.9723520764039588
186,0x592369329edf069ef1ee3a73e845500a23eb4e96,plain,0x0723689b5e3f459c65066539cfe2b7978220ab4a8e03abc5744e5edff6cd80d1,50016703,1085,Socket gateway,66,0.001135964004164444
187,0xa86ba7feb8886c100e30e020b50ce213912eaa54,delegated,0x9c4a0f93d8f15928e3add9d3f592a21219040e8201b26ecc5d144269aa87bff3,50016510,404.83435,LI.FI diamond,3272,0.3900376051205815
188,0x2d4cfd7b5c505b03fe74f70a3335846a812ffe76,delegated,0x6802a6e4bf1a54b64993847b0642b797cd392fa7e3b5ff632fbd0ba6c6c5cf4c,50015790,700,LI.FI diamond,729,0.000737008986955939
189,0xb99c36378358a442005c9fd6ee5390006fa975a4,delegated,0x1c488381c1955e7c3300d28cb987b67606216be6b114a9d97969bbb8b9465748,50015592,300,LI.FI diamond,1596,0.060351917870298144
190,0x2ab9fb108dd6297c4a45d616f23ba17bb66471f5,delegated,0xbc42a6f73935a3e63985541782142d8bf28200830cd701d17db1947aba8e6578,50014870,1050,LI.FI diamond,5159,0.000685125488621446
191,0x1dac73f3d00052d7e815b41e7b1b5cb241aa4d70,delegated,0xebbb2493a646d8fbe95745b91b7e0b4dff84737f930510ea754fe71229ba5b80,50014094,1000,LI.FI diamond,227,0.9115657447723854
192,0x4b4b8f7b91d746868476f14b1f8341b18592f584,delegated,0x007022dd768712afd4c24416cb616d70e17d0e6bd141900f25784ceedeb1cdad,50014049,3103.534238,LI.FI diamond,110,0.00387995858653512
193,0xd83206636c5a5b22b16b1c4b8e99717f330e83a6,plain,0x07737f4789229b0d0411f45ca1aa666ec3a7003cc912d841d169f66f0ae1fa4b,50013839,250,LI.FI diamond,347,0.001563315812137889
194,0x9a1eb61d2730984e7051830842c2b5dc722df907,delegated,0xe8ba9eec8662fdb3274ca3618336cb2f5be1282474c956fd4f29a95e0b5ed37b,50013670,1005,LI.FI diamond,367,0.007360202515467004
195,0xf82971117baf73c42c04c6a0d619ba9d6aea87fa,delegated,0x76c8b7f212204720f4e9b129faac2e5a911bfe2af2c8201454821cab6bafbdfc,50012858,1294.035162,LI.FI diamond,821,0.011170741618960143
196,0x3b682030572e1865fe7ffa4298f5eeb65165e115,delegated,0x62db40b83cf1b8455c0031df6cfc30c4c4671abb1470587a229b8481d4420874,50012852,535,LI.FI diamond,379,0.19253396288607488
197,0x5f47f003be1b3da745e7f4b6a937c1c575de0812,delegated,0xe7efff20cb2de4f8d6e80887398db6db02769d2ea76ed6fc6fe40e51537e0dec,50012049,625.34964,LI.FI diamond,799,0.007136297630244012
198,0x85cfea68d1e1e7d60f7063ca16296d5e08ff8e0b,plain,0x6230ae2fb7db46d113721060c37562c57006de2df50a20829b366d624371fc35,50011360,2000,LI.FI diamond,57,0.09996307261391253
199,0x41d8221b26f14a3cb069398cdc91ec4733be7d2a,plain,0x2088dd69ecd2d5bb6f4c4acba8404c8762129da32b82c2e3074657716db7ebc0,50010911,2990,LI.FI diamond,5,0.001171226411300336
200,0xcd575f741b12fc6980fbe58891fd887352806609,delegated,0xeb62cec8e79901d24b7da26a26ede9360865b78ef9c97cb022e62beff6ef3bbe,50010780,9614.563482,LI.FI diamond,3140,0.02241682206229165
201,0xb3be8b50a7eb8ed310d62ee7cb661abdf474bbc5,plain,0x8df82d1ff98800b93a957b0178fba1aa66310c3be07cf927fc05b3e8330b1784,50010721,446.446547,LI.FI diamond,46,0.001031187884620585
202,0xdf09fc75d5390c1e33b54119ca3d9d6f0bdc5ef3,delegated,0xe902d6d84edd5d9eaadd893d6c8545bee9888b83688823e26fa2a0d1038d4a84,50010665,497,LI.FI diamond,959,0.000708153783988966
203,0x6189440424088e1ca86f0524a2e8393529df2c12,plain,0x0e3e7c0b74f859cfbb508300ab4c064fc4fd94e22af57ad5af88c91eb2c8dba0,50010153,1000,LI.FI diamond,1728,0.000453350906322043
204,0x8048626de87fe76afeb9759e6f503ca4b032925a,plain,0x8d01ada4c14a5ff836a56c301ea183b6592f8e18ff102aff81e9c74ab3a3d6e9,50010035,288.689498,LI.FI diamond,67,0.000001020560371381
205,0x55bd7d263f8f815631c39125b0fb623095ced147,delegated,0x4833724e4262f344375120f644ef0e1ae5d6660304e1bafa488411b6d2acf96c,50009458,300,LI.FI diamond,264,0.000752933841887811
206,0x1f5465068be72ad390ba017dd06e4b2a7e6845ff,plain,0xd0787d321f266acb44587edcd1052d74aba4d5170c2fb42ca6f2807d08050512,50009389,6010.011091,LI.FI diamond,56,0.002500015359505818
207,0x995783c349c185cf0982aefca34b82c42b982f6c,delegated,0xc3ca56c1090644ba1c5c2e6ee7e054c33db53ff177a0aeac05ba8f60f3ab134d,50009204,997.599597,LI.FI diamond,596,0.010694709091473716
208,0x9149b1c9e642b16e07f2752c67eb59bdb54e34db,delegated,0xb81ab29bb362bc4000c8ab4747136001ff79da0c666b9a09f5d3d6c7bdcddfc2,50009193,397,Socket gateway,2532,0.000600329657939988
209,0x57f7dca134fdd36e5d73460f51ed1b12c11a0065,delegated,0x9ddb1e56d0cc61557e4e13d8a29e4fee6aaddf410abe8f1d1338c842164cc0ad,50008729,500,LI.FI diamond,984,0.0055205615888268
210,0x12140b7f4a26c2f48efb598e98230843d7cd6bb6,delegated,0x4956b222e4dd16b980a9374b0c5ea142da0eb29ec5f2b738204eebc88c7f4cf4,50008490,1204.112287,LI.FI diamond,21,0.00818879407823767
211,0x76054e3b391784aaac00036cbeea061f5857df0c,plain,0x58562229570d0cf159a55be19ace9862bb3d2193b8c8e5c0f139c653ba76ca70,50008086,7499,LI.FI diamond,45,0.000519535770292851
212,0xcd2797af670d8a2c55273fd212e46ec395d2b042,delegated,0x5395b0a26183475a24c5fa56994abc310cf4ea12e00ef3e84b4a7d3266b6b388,50008038,775.627953,LI.FI diamond,1081,0.6592845786669692
213,0xb1c62e256f5ed5e407cd48c09873042ebe45e7fe,plain,0x41219cd4bf6bcf69345e70e82f7925a16f540115a4e2987fa61da5c5167194a2,50007749,500,LI.FI diamond,40,0.00044978551148845
214,0xd9e5c576de7be6c347d0168086db28eac392287c,delegated,0xc0139fe716529442c2b5f97a1b0e2a6adbb1433ebad626a2c2ef01b59ba3c494,50007600,9989.909989,LI.FI diamond,18517,0.03909736334687365
215,0xd5797d2606d7da079fbdb555417b4be15f7d1270,delegated,0xea932cd048421f229913b4ca25cbf9955377d6343a50205ed752a3d23fa35fc5,50007556,430,LI.FI diamond,572,0.04742941649373537
216,0x63ed57439c824e74dc23df7750b794f87bd2770f,delegated,0x5e5fdc474c1297e0f6066c43f6e7bb098bd86fd29dc9091c643dd2a0bfbc6697,50007475,506.742056,LI.FI diamond,47,8.3567810425e-8
217,0x105364f37711a31916e5b4a9ee021c22553b4717,plain,0x71fecc80cd22ab9e5461e8da4f9618332310ed6c13db83e6310e4b0c453935ae,50007394,398.5331,LI.FI diamond,82,0.2920204117441107
218,0x15d1951dd4116a57e59bac76229fe693fbf74289,delegated,0x163a3c81e2c2ce00696ae2e1be396cfc3e4b689653cf01d9c76a04fb69599352,50007330,260,LI.FI diamond,28,0.000258957533882897
219,0xc6a38f865877d116a378ba3aeb2e6d5127a51c7a,delegated,0x071ec46ef02520e032f36ca9cc6050eb3ca07add58ff8812ad78f710b6cb0fb5,50006868,300,LI.FI diamond,260,0.002482437786656358
220,0xc7be722a0227511769e683c4db5c511e8f38e2d8,delegated,0x2a4d02046f56939f8f39aa1bc8118ce0347e9ef48eabc774125fb4f8aa3e2fca,50006557,1591.574938,LI.FI diamond,132,0.002073045919791285
221,0xe72bbf2ca24ebdac8f86d87ef33ec72b745758bc,delegated,0xe9a84aa50b0409ede38805e429e3ac35523b86d7b51ef2918e9af26d50acad54,50006134,7440.69,LI.FI diamond,5956,0.011708147902136416
222,0x0d871b5f48ac381836b7c18523d19df96a501910,delegated,0x577e6dccaca52b0c5f6b15e6333e62e15ee955c0bb320f4f756f4e3984b8f7e7,50005919,277,LI.FI diamond,7,0.000009476790184725
223,0x711aef2c8e8e21f3cdef12b422f3a7f6d8ce3e9e,delegated,0x5f966d30f11d611775de9eb875c8ec8fb92e080b018fd0c3386fabaec05afe69,50005895,601,LI.FI diamond,24,0.000747713171382444
224,0x754ba4f6e7dd8158e10fc5ecab1543ad94124e53,plain,0x7e9c7191d5d007d7e66c90ec7a13d01ad87ca3eddb1ccf195803d1de47e5f1c8,50005417,2240,LI.FI diamond,15,0.00098515509760736
225,0xe046191fb4c25823c2271692867ba8a0e0b9c225,delegated,0x7e329a12679fc1f5c4011105ea466f5ee6dbf0fa1fa589297315b189d163f97c,50005096,722.786494,LI.FI diamond,451,0.006920312847571696
226,0x378fc7d606a8540ef5860bce284ca62deb013c43,delegated,0x767a545e1e172dae095a868c731148564a2da673600846084e47b99e14b4fb9e,50004941,4848.956987,LI.FI diamond,1068,0.005299474728236738
227,0x102abdb4186deb27a820b187b0ecdfa580be4025,delegated,0x4f257fd553bdd52c8280d28eb9e6a9976f933f161c247645f5b52dcc13a3fc6a,50004941,338.282405,LI.FI diamond,93,0.000001776242830509
228,0xcce698e4ef26a16d0b62458f1bd59a821866cdb2,delegated,0x1976349be1c9609f1a330e27626bf5ddd931b6b219fe48a7216e33d7ff2445c6,50004816,300,LI.FI diamond,75,0.13391044297594287
229,0xbf857eabb99c7e56fe6a13b8075bcb48f2c50091,plain,0xae078e8aa3ffeeb9d776d4a55db1fbdda448b66901203ec05b28058d61c7f2a0,50004439,690.00013,LI.FI diamond,19,0.000015126213206702
230,0xa17a1f795e56b0c440a71c4e62874a0aec708ef1,delegated,0x5ad062c5188be8b2d21e33a0abbc660a8829018103bbbb1de085b20362c955dd,50004098,445,LI.FI diamond,20,0.000335672492272189
231,0x63966967437547343c844953bb92cc4130f1aa0b,delegated,0xa97b146724deed0eb661d85e12c7df58340965f9cbea0206f15be37cda6b5490,50003784,376.089664,LI.FI diamond,133,0.02526035129711067
232,0xbb4fb7aad78c3e848b449fe3dc50339bfd48d221,delegated,0xe00156a314c0c44a8faf451c1135b71d63d3df449c74f1133d7575b0b6403d52,50003764,999.882767,Socket gateway,44,0.00132499711011475
233,0xde9c8d2e2343800947ae7759034ccedcdf2d098d,plain,0xc6dcfcc9fa6d7020aaa36fe341d135864c68bdaca320d3556a19d4351b42d219,50000236,1190,LI.FI diamond,460,0.007364444978147677
234,0xc28591845548476957e56f30ccbd3795f782ffe5,plain,0x779e5f59794ea6bc57af9af9a8f5ef91fe3ccbf6ffa5b856c0be8e2243b04850,50000214,300.007989,LI.FI diamond,96,0.46987503233135763
235,0xf6fe9679254698bd5e32cd02f830b9725e703937,delegated,0x5afcfa56083e45303609c839467955b656b56d8cf2f6e8678ca469de8156e567,50000179,445.501323,Socket gateway,470,0.004616483571965299
236,0x8c4ccac01fd4b3901c5f8db500d5cbd8906d7af1,plain,0xd25242efff8e82af7077f9bf5d51bd7e5ad3bf7cdc26b75d4f7d28095ea6eef4,49999131,300,LI.FI diamond,463,0.021128962368309665
237,0x3c8dbab50cee3d7c6903caffd0622f505fa6b4ae,delegated,0x81a4bc233fef3f0f0e6525c0dc1bd66a60b56909c0257e2095725f7f098a0133,49999074,2000.353502,LI.FI diamond,1550,0.5964886678318286
238,0x5529e0608cfc0cab5bb86b59cba7e88f0f66dfef,delegated,0x2379685f52fbeef8eba9e970cb3674a9c540553480ee4e714c2f4e9e24ec56b2,49998598,280,LI.FI diamond,8260,0.04174559088548016
239,0x6f49b3525cba07bc7353d3158fac619715c98d1a,delegated,0x330f345ad8480aefaf4050661df45b48bc97e6dc9acb0ca630b83f90f1cdc060,49998453,399.657927,LI.FI diamond,2106,0.041348639112168586
240,0x0fafccb52edcb326441d38e0dd071addcef9001c,delegated,0xdeb2e4e7078cd14ce4af459eced46dcdce96fbbe8fd9ab4f77680185288f04b6,49997999,3115.875012,LI.FI diamond,386,0.0005400043702561
241,0x2565c51403522ffa934068e38ac2b78e2e79cc2a,delegated,0x6d3266e5124a295f571aeccad44aff4965475a747f86c66c99565424a69064b7,49996683,4000,LI.FI diamond,969,0.12435080993943562
242,0xee7aff3673fe82fb2b380db6908c1ebe21cc4de2,delegated,0xe1093b39a86ab3b5c9822698f75e0fb23367727cd082abe33e87b3b8f0c1b691,49994890,10000,LI.FI diamond,1678,0.013456593462211635
243,0x1adac1ab62869f88484f065d276266031d292d1b,delegated,0x8df887a478fd84b9d3d6144c0c3dccd35e2a75ef485437057a774aa17ba699e6,49994616,855.630049,LI.FI diamond,1165,0.03289973289711945
244,0x8559e50c15112cf50a6b6aeb5f629b08aa2433d9,delegated,0xfe077aa83a43350e93c8978e2465863295da5f5444c0adccf1fa2136eafdd104,49993971,274.408053,LI.FI diamond,1095,0.14128313207371324
245,0x35856d76f488dde751ccc213e1c8c5b836f10d3d,delegated,0x0b684b666fd51785f0a4e94408a5e63260bf0d5a15de257f9ecd28881a4e29b2,49992730,329.799397,LI.FI diamond,3960,0.005018916344601045
246,0xd1701167f3bb5bc033e3f50b3e5d9865e21d4aaa,delegated,0x58d59307d5f70bb87ffde0f38a3280f9d7ac45deeded6dcc2760bba83dd58856,49992570,300,LI.FI diamond,2832,0.000048381882724388
247,0xe3f02b5548d5f6389c641841b0ba87af5e704562,plain,0xb87fd54ee3a0dcc9ba48f5e9eed414cfd6b723ee6d6f083c4f4ac1f105644d0a,49992505,2500,LI.FI diamond,797,0.00982851802955671
248,0x9d1383147c68af88b7654d6a6290edf82c2f17cf,plain,0x9846d65ba879a1bdd0336f3b37f18d2568c909421016c6d8492b327e35c492ec,49991638,3429.5,LI.FI diamond,7,0.000020020532367897
249,0xc4d0d54397e4913d7835a0a229f6888ffe04804e,plain,0x793731c07aef64133201dcaa07bb133e7951f4366cc3ecdd44b0fb27d879baae,49991170,1008.4725,LI.FI diamond,29,0.007185010638218646
250,0x4754fe0f14a719bf33a22d7f24eb4d18171cda4d,plain,0xe1f805d41e4aa5982ad814b0b56b07f035e0ed9257cb1d0272e2bc25825229a7,49991001,4000.450811,LI.FI diamond,10,0.002550718344085751
251,0xd8d58f0ff9d3317730d8bfdfb424fd48dbb1d3ac,delegated,0x40b023e4aea45bdd1090bf6f12e93dea85f00f3209810f4a8ebb50cf35cd14a3,49990517,500,LI.FI diamond,34,0.000419136983061244
252,0xf5d72f358e690576dce24f7913bfd4e0ac7426cb,plain,0x8a8647dfd54fec724ee1f0c16d293a07d473097dd784834c36bc5eb46a31a347,49990281,1880.386794,LI.FI diamond,25,3.0803105695197797
253,0xadc589cf19296310f7e019cf259f5f5469cdd093,plain,0x7338a45c6f51cb4d1e8b4c0ef935e546b28adcf5fe8e4f84c1ebafd78e1e02bc,49989077,234.4746,Uniswap universal router,14244,0.004234992058330378
254,0x3c44355364706d94707a21da32736431f9f9474a,plain,0x43440a0404a657b5d0a035d47af137ddd9bf5aeb46aa80bfcb45d024d50f2505,49988071,246.516187,LI.FI diamond,693,0.000274893872106698
255,0x6eb512a1e3dbdec0db6e2a3daffa90f57baa3061,delegated,0x988694788bd1419f072dbb5b265a5ac543c25d757f5b686f72aaa0ee190e9ab3,49987875,3526.80966,Uniswap universal router,6,0.003879076612693524
256,0xea1df1c65d6a45285693e630f335b420ba0e0aeb,delegated,0x5c05898a179d6153507028dd04d71bd769faad30b7ee45d975cdd48cc96c8817,49987307,450,LI.FI diamond,1006,0.001446090858986477
257,0xe84f05a482c8c872d0327c1e61c95b4f5a2afb8c,delegated,0x5ca65ae8a36ed543c76b9a1273421a955074e6c493e351e2ced96800cc3fc994,49987189,5010,LI.FI diamond,8980,0.030074613790172476
258,0xbd8f823086db792ae0b4e4638a9db0900e0d6d26,delegated,0x9214d9e9bc29e5d0db59369c157fc7a313631ecf9d1aafd1f04806059ba7be10,49986911,400,LI.FI diamond,1345,0.034042678029118395
259,0x12f201c9892a35eb38d5cf8526b9c8af83a58311,delegated,0xdf0babdccdb678c8155feb5b0b8c6087b534b03e83a47da350bb051c84623ca0,49986161,250,LI.FI diamond,16,0.000009866087985836
260,0x57cf5e895db619fba06d029b9d1c19af1948eff8,delegated,0xf004e812962850d69dbe9b93b831ab0ba7e64199bf01d72ded4eeaf31926f0d9,49986118,300,LI.FI diamond,1708,0.003302159335892737
261,0xdcfd5e19a481e9351da9e7399d53f0294619cae5,delegated,0x52a9a1dc295ab385115792c73c7acb101afb65e09d7f2b1aa365742512ce5393,49986103,301,LI.FI diamond,260,0.00005010431828547
262,0x365ee13786d387b19ea6ded3158d085768cb6748,delegated,0xaa6e91d3682babbf4ee4a1b9d1d2f1dbd9e02bcad798b55573e431d0f275b88e,49986001,885.02,LI.FI diamond,9,0.000456773330979744
263,0xef46470b01ef326eaf8b22bf295df62d985d9179,delegated,0x0071f7cb00f1763f2fc5dcbacac4836af827b3c9bd9691b3bc2f5f1dcb6887ca,49985372,1000.870467,LI.FI diamond,43,0.000259175551162572
264,0x2debe2542f9c7442b7f311089a1057b8ef327ccf,plain,0xa33272e69aaa16431835a288bab4f652c578785eec1a86155d12371c0e2d844b,49985275,312.524416,LI.FI diamond,35,0.01882133769928021
265,0xdecd504c466d891b7833de68838f0e2730e23a17,delegated,0xada3ae4f0ed6d56fdc6993310ee69e593fd06013c11a504fccfe9d2aff8c9af2,49985041,937.335453,LI.FI diamond,17335,0.00386587651809734
266,0x470bf153e6700ca132dc2e3b8c96d9c3bb999b80,delegated,0x8f4834b18eba0fbfd2b75c9658f1e23f629ec86aef97763caa2f02d2f7220f51,49984793,250,LI.FI diamond,258,0.002096505910166784
267,0xa57487c14f29a8a7b53c8c763a353df895720c69,plain,0x522a81c93e46754c12dd385ab7dcd2fd05815796d9bbb5f3a05c2b5645efddd2,49984491,4950,Uniswap universal router,647,5.29033442452373
268,0x705d0324baa234af134265933819004134ac88d2,delegated,0x0391a1c95f58c22627b8c7971a6e16187db5bc5a910857337b17f72d82aa87a1,49984351,902.800513,LI.FI diamond,8,1.745333953e-7
269,0xe1eeff96e88fcbc11cbb8122d8597f49a018f85a,delegated,0xdef7b815c554a2a9b1cc6c3409cd147064f57da57cd98c3c5a7d406410ff3725,49984221,1172.484069,LI.FI diamond,10,2.73251051963e-7
270,0xe34fbe49314d46f580a8144e5cd20bafc3bdeb7f,plain,0xe2dc8461b42e7e88816d2cde6acd18a3f77ca5be9ef3de96abe351a8ce0b0fe8,49984043,390.24,LI.FI diamond,6,0.000001561956895981
271,0xfcdb212e7e7588d2dd2cc44c30f6c79fb507db4b,plain,0x808aed2bb0b45736dabff32826596971754e386c8771d42a56af0c3a285f666b,49983483,746.7697,Uniswap universal router,3347,0.006627837587047646
272,0x6af55b6921c82872f14e7f3e6e17bc2e0b2559b9,delegated,0xe1271833deb74b01693185a3b2aaa96de601488a55e6cc6cc8d6da28c84783c4,49982787,260,LI.FI diamond,535,0.000351970067315032
273,0xad4fc4197665c6e587ca08605538f31b585dd552,delegated,0xdafaa8a5a5839a37552d51c7b62026419dbd881d7d3fb302e015d9a5a428e02d,49982112,872.465062,Uniswap universal router,10,0.001120915209036246
274,0x21d21ce5b22f2f2323ecf4936179aa01e70cc6ac,delegated,0x96c62ce675b074c89c569424d2920c00eb1d5b82ad153f1cb323526592eb0d7d,49979525,831.641471,LI.FI diamond,107,0.000177955688032005
275,0xde366320f705d203fe909595b9ed0251e0fc1a5e,delegated,0x9446e61303cc5886b1b4dffa9d316baf4ad191a261fe7a5becf1e43ef3775ee1,49979349,380,LI.FI diamond,188,0.000924725814800705
276,0x5a427223d38c1bf40262b8ab7d25c4506e7bf1b3,delegated,0x96234decd5df2992478112beb99661599ac591da091ed9ae5a2dc6a7626967bd,49979228,228.067,LI.FI diamond,2135,0.002509716542970784
277,0xcfbb28229945187be356b80d74d8cd43ef1a9783,delegated,0xf7a0d5a9f3cda207224095ebc92f90cd4ac8429318b3a37e6d6591ebd4f25149,49978980,254,LI.FI diamond,5317,0.003399003664483199
278,0x3d7bc27e3322a8dd28e65bc3471828c6f42b22e6,plain,0xe57fc056b2dcf3dcba745018dd97309518fb5a838672e60d8f9bc0f01036c700,49978917,1499.967,Socket gateway,28,0.004818671415853656
279,0x797bc498edee4357a16a1054db0323cbd04c84c3,delegated,0x3180a84e3bf4d3e513d11152e75a7a1f039eca3181661fec969b89dda8b2e1bf,49977955,4023.439498,LI.FI diamond,1248,0.013124386145496892
280,0x7af12d4365debebabde99afe405e1fda9ba250a6,delegated,0x8b82ae60bcf9402fc3ec85e7bf5b9ea36ed4a8c5fa917ece0b36793d2da21494,49977482,1000,LI.FI diamond,567,0.018405710157067323
281,0x619d3242a348a4fa738edcecdfade1b1b7a54313,delegated,0xf7260ea65eefede85eb63ddbfe14e947d2aec0977e39b369099ae284b472f92f,49977252,842,LI.FI diamond,339,0.001133078347170368
282,0xe00571fdbf7452e02ceed9808c46c6c6c13e87e2,delegated,0x0a09b3a1cc350f1fc1c1667ddcb7fd8daa1648d321142a2990da4bda0b176892,49977239,785.622315,LI.FI diamond,4237,0.000361809165336893
283,0xc36e9a525e36375fa9e2c07596dabe8d20bfb7a1,delegated,0x49bfa601a1641a9eeec799db93430cb3dc2e62d0fed30e519435900e2831a4fc,49977064,250,LI.FI diamond,1500,0.006706444182263683
284,0xcc38ca3fb426a0c7aa99aa35b4fe7486b0fa221c,delegated,0x038ce876a0359e578fa018b6b654821378bc4178a062f999cb86531f0a7c0c14,49977024,500,LI.FI diamond,2002,0.02771444823111404
285,0x188ff41da75f5e24c3ea3a3eda23fbae53dd47d6,delegated,0x4fd96d3737f6c4ffdea9bf363512e56a06d87d2a0ccb0cfaf04ff4e2d112eb78,49976921,274.591828,LI.FI diamond,523,0.03909638644212879
286,0xba89d77797d3943c578567c15fec84b64a83c241,delegated,0xcfbf22c90a415525eb4f602421f9f6c31271edcf87e5df5caa47d352564f7cf5,49976503,500,LI.FI diamond,179,0.013969778001109736
287,0x2bb298aeb1a07708938221241896821a084c45d3,plain,0x39d1546c1209be94bd2874038c0ff23cbbd4640561d146e65decf7fffbeb82c4,49975842,320.01085,LI.FI diamond,11,0.000999334715108053
288,0xa9820db5827e42cb90c9c669b581ca77147dd21e,delegated,0x1bce2b1f6dce2c0801f93eb967fd517207fdc25802ae484fa112e71c689deb4b,49975440,245,LI.FI diamond,140,0.007383289163136204
289,0xe870324bc3924c5693eb4dd998adae80de59d1a0,plain,0x32e816209c8ecb962c332f0fd6010b4880fa31e85fa15fac24c34827638a4f6d,49974719,450.23527,LI.FI diamond,3089,0.027802657331465083
290,0x88e05b0d20a02b8c6607e33657a92012432a1aa5,delegated,0xa3597f93971926f417f6a404646beff791f3cfd0bc3a0047408d74e466f895ff,49974566,500,LI.FI diamond,2240,0.005501337697810844
291,0x2a5be647679fa82b8136f5c236784b2f03224d45,delegated,0x86a7254b3be785123ee0cfe2353e1d52c0e79f04fcb744e5d13f59a61dd178f0,49974063,302,LI.FI diamond,108,0.000312008413428846
292,0x5027457c50a3b45772bafe70e2e6f05d98514ad4,delegated,0xb14f321f139d2316c75a9584e577c2625c161a2f98d62ad596d884e67c8b8493,49973401,12914.377055,LI.FI diamond,2874,0.0110655736901224
293,0x36bd83ae4a411e5564bcbf5012ff0445f8d5c804,delegated,0x010280b19d838bdbedb70194c50f3a7fe2e04847dcae647980a94bf32cb03776,49973049,233,LI.FI diamond,211,0.000530207189906233
294,0xe18de6510f624d669a13aba3443b1b41384ff7f9,plain,0x3afede7dc880e9f5c012775abe38a8905b6be6a7da910afdd9337cf430efdb9b,49972615,300.540219,LI.FI diamond,96,0.002595519084748994
295,0x03906d9ce98bbbc8b7242ecf9448a4b4d2310705,delegated,0xe3b00ee4523b7dc556356e10f311a1d2518bb5e5b9e1b0207491e6a6babe0a73,49972584,275,LI.FI diamond,566,0.003071497854210143
296,0x1c2433f30612c350eeecaa2e72816d82bfd2192b,delegated,0x784fcc92e435db0eedda48ff5631df480201c8742f1b6a0215166387ef791cb5,49972358,500,LI.FI diamond,71,0.008024873630173348
297,0xe41941683267bde6257e4489819bec75ddbd7aa8,delegated,0x17093c205dac921fa2bf7eabb170435320524fa04b5c25bfd322c26f59b6dff0,49972122,700.023144,LI.FI diamond,560,0.009743986414125676
298,0xda110ca6b85cd99d8dbb4ce6911ff512bd5c2bc7,delegated,0x7c95bdec3355443201225dc4d0cfe7366e84f0f6731b847c94857b237e9c3ec6,49971994,900,LI.FI diamond,557,0.004943480250319745
299,0xb1ea9e4212157939b2d7623ff610279527a7971b,plain,0x01c97a725f784c7b19303c10a3862e9c17d3583a4369f8be033d2c4d3286a75a,49971947,445.33,LI.FI diamond,327,0.000133536004716187
300,0x8a0ddea466615a63e9ff5a83c4598fc5126bd518,delegated,0xf9b493a8c38a05a993b8a2f0392d0f137b6364c70d6328bd08abf49479b7dc76,49971938,760,LI.FI diamond,517,0.003468590027065294
301,0xa1a3a4964eb5b92318c148706caadcaf19e705aa,delegated,0x1eeaeb04976ad883f63493bd6fa35df722c830756332f13f9b84b6d5e52e8b6a,49971844,400,LI.FI diamond,893,0.001435252710745331
302,0x1d6038a425059545996eb14e34cfb8a3b7791ec5,delegated,0xfe2c73408fcfd4f0dff54883faeff0c2fbdf2017322e150e15fb95885de9c280,49971797,751.181925,LI.FI diamond,4087,0.011408984541557803
303,0x220308cc2e3c32d1cb12d6bb290b189413bae0d7,delegated,0x5a3646b781e5ec508c850afd706ae6e5151628272538a01115d126408b34cb98,49971595,1830.847218,LI.FI diamond,52,0.000347655748347999
304,0x7c634af1246eaa472485e44af7e347f18238da63,delegated,0xeaffe7b00e8728ec97e4414434a272a11926100ec4b889fa69028df010425650,49971458,891.210599,LI.FI diamond,743,0.00841000653431099
305,0xca303673a45a527b9d865a27699270a2b10699f5,delegated,0x4d828efd7ac8fc02dfeb494601cdf8c1bcd9c4990dbed9bb895bfb9538ebe629,49970978,679.45,LI.FI diamond,592,0.000893853481717411
306,0x26e8d4904e0784155b0d461ce9f9cda21af897e7,delegated,0xbf3b06d0f29bfac96966faef87473885da81df2afaf0e9fb3fd2e3a85f11b446,49970409,227.293067,LI.FI diamond,11,0.00000219576038986
307,0xa95867b23955f98a3a5774645db2b603baba4003,delegated,0x57ea4b2cc1633f735b3bd7e56a74930b66a97f0256385f5cdf9f0ed8f02513b4,49970381,260.39,LI.FI diamond,1477,0.002451547676458577
308,0x165c2af1e86935e72df935e33fe1d3a9cfdfaad9,delegated,0xddf98cd91020c70d60e75704e8df0cbc3f2c087b5d0be1e2f88b04cb0bae0c18,49970126,233.553012,LI.FI diamond,1670,0.000638971368905218
309,0xfbdfe168d0556365b011d78bdd8c771017ee0088,delegated,0xfdad6e194018cb9c48b9c37cdce877c0f2d75d490290e967e1e1e937e63db232,49969829,1162.204358,LI.FI diamond,242,0.001786055389651969
310,0x8a929195274cb1ca892cab97ff3080a503c35820,delegated,0xdf9efc98485602893133f4476405c773e76c6dfa030deb37ec49690caef8826a,49969814,374.227257,LI.FI diamond,467,0.000408517768126717
311,0x9b4202aa69cad363b604d044c604c618104192d9,delegated,0xa7fe2f1c8eac059012dbfe020bc920648cbbabd85693154fa66ad71405288004,49969784,500,LI.FI diamond,581,0.017317970681696684
312,0xce10c23561dce134ae20b32f8166a131c741f463,plain,0x80031984fcc9d1e569c8a041945b74dc88af060b3381ccac3fea52aa5685163f,49969636,501.357126,LI.FI diamond,1701,0.18794312584970932
313,0xad6734ab50df91280f554859f6f795b83544dab2,delegated,0x5a6f5c96546e37be0105251e4825aca196ddc70ad331610cdc4f5daaba2424a7,49969623,297.449066,LI.FI diamond,12,0.000099712730858534
314,0x5f63c33c985b0e8dd4fc846cac41423a3875e57b,delegated,0x24648081a2ffb8b241d22e23b7b5fd24a31f1ed26f29547ad397b9c47ffb0c2b,49969223,307.010936,LI.FI diamond,263,0.000206982733400094
315,0xa6c5032c6f4b50a2557d9aa67e58e04b85d2ad0b,delegated,0x7a24f23831c6bee0a9a937ffdfc1bc1be0ea452d68b9e91f8df38997b416ffe5,49969210,246.316988,LI.FI diamond,20,3.62247374284e-7
316,0xa1a68b280f702c099c5ad47a87392c90fdb37ee2,delegated,0x0452ab31f19fa5bebc6c77d329e6d21ae1745fbd6c487e67ccae28bb35d954a0,49968813,579.156232,LI.FI diamond,188,0.000482514407744
317,0x73e3a22e9aec8a56818b9528e32aaea839a593d5,delegated,0x4b3a35cfc71d5fb4a910ec162fe4271d5663745c7ecc76bdc60452a8deeef98b,49968443,617.356391,LI.FI diamond,6285,0.040755820988596946
318,0xd7b36133ecfc79053b942750ed85a2dd99e70a39,delegated,0xc2a65eef0f499fd4db89bee2ff42da63176affb51326b9fa523eedafc48806a4,49968185,735,LI.FI diamond,352,0.001809413459059795
319,0x7a8a5731cf67f906dfd575e6f1b8314ad391e602,delegated,0xdfd508c7ecbf5705d63a1ef86475cc00e7da79a3be20225d0f26a4c6699b8072,49968168,1600,LI.FI diamond,6,6.663063595e-8
320,0xea1239b7e46f68063c3e6776db7c21bdd939fb81,plain,0x6892c0252418b0def6496531a91d51d132ffb1c4725e6f58e879f47264379619,49967917,1000,LI.FI diamond,15,0.01607941122760431
321,0x0fc5529117edb4f728d0b8ff82b63fceb10869d0,delegated,0x4bea2096c1cf4d04a5593b1720882a9ca6d87c9815af45a733e4beb7838c7086,49967710,1000,LI.FI diamond,1896,0.02030332644565848
322,0x1bb8288153a0d4ad8dbb1fea6e87d3ad4b92aa1e,delegated,0x6c8ad4a4968097d402077b453a7b40c1d86756236bac1a5347c782bf6c668b54,49967463,1999,LI.FI diamond,46,7.28140791352e-7
323,0xe7bede38dbe553f71336b4e008f929b0155d78b0,delegated,0x7e2303e317dcc40252f9e4d5123b8580122692637cb747a5d4995b7a6f86036f,49967462,250,LI.FI diamond,139,0.000324816309299262
324,0xd65157ea3e4e4ada9720e55032f45db99ce9ec8d,delegated,0xa58be8a7b4193278ea7207ba39c991b4b1d0b72d6e7fe5e4016706d7273c2faa,49967157,499.9986,LI.FI diamond,6610,0.012805654330007472
325,0xbae7dcb9efb17fa81de626631a93a86ec19f31ef,plain,0x6323c1eed6d113409eb7a859db54198b694a0e93218915e7c3b41960461ab211,49967156,1517.0726,LI.FI diamond,108,0.000598065658944706
326,0x3439fb92ab36a208a454115931101dcc7cff3775,delegated,0x5a94923dea32f8a64f0d6438bbefe8b4134a2a2b64cfb877b6ebc93ca20a9e43,49967121,355,LI.FI diamond,14,0.000195430051039635
327,0x7d9d0da1ad30d4a707a473c9e91ecc100ff065ef,delegated,0x1cc21e5502f88a30347fc1b5cede75c895461993233eab232472c3c629db33ca,49967074,1000,LI.FI diamond,966,0.001483906996002217
328,0x9f2eaf590e91fae287240c3ec87fcb62cf859a52,delegated,0x0bbbb56bfe28736da3f9c5160fa54ea8866d3408be6423fd0fa0559a905a2271,49967043,1698.73016,LI.FI diamond,6,0.002542056994809079
329,0x2ade532767eedf288bf5fd44edfdfecea8803829,delegated,0xadf2b1d4e1d5fa7286f5fb7a9c5e34d0a08a7c93dc3823272550f8638348eaf0,49966512,525,LI.FI diamond,363,0.14370623968726262
330,0xf3f6a4d1c0a3ef76951a96de4c20365b55ee0f32,delegated,0x94a10a4f4b96a5c0b5be7573232f21de24ecd29de2cb73f950db0c079d292f23,49966076,640.523758,LI.FI diamond,15,0.019932486900351792
331,0xf283a9cb74336310a3b86c804cbf4f7574f87b46,delegated,0xada860a4e9ce687a0951435566356711badeffe31d08e0c32428ac36edeb8923,49965675,294,LI.FI diamond,191,0.13925751595212552
332,0x36a8bb884431a237d65da2a352d012432942ff5a,delegated,0xb36d281603e5c80b9d2f4a2b0b8c0e691c60a09be080154ab7d63c08cb91eebe,49964769,13204.306646,LI.FI diamond,149,0.000767181826910921
333,0x88db703cd9aae6555a3a6c769f3dd3cde0a5111a,delegated,0x549e0d10baff4d6380d34db4aaf03af5775c198a3f2748731ca552fb9dd8a96c,49963620,349.621107,Socket gateway,12,0.000001733075021719
334,0x1ea670b857172340a28a97786ebb834ede72853d,delegated,0xe214b6de2047e82336ced9cb6b6ec6d1e9b9d837d7bb273f28d965488eaabb80,49963581,547,LI.FI diamond,134,2.29866129927e-7
335,0xd101676e46db19dff179b50584fc563186567484,delegated,0xe140db9b7678b02703edba9dd6eb363b73dcabbe6b7992cc7e11fe0492afb344,49963527,8100,LI.FI diamond,24,0.009550325695875135
336,0xb267584c20c2cd7c3a8b4e8425655d08348bccbc,plain,0x41ba69f430b8132dfd6c658452d038c7af2f51013bd4a70799c87e5a8d2f4b3e,49963474,419.670513,LI.FI diamond,6,0.000004157970800954
337,0x47400da4c778655e7e8b4c72557289321dff098d,delegated,0xce722b57e3f5b6b77b64f772dc3dfa9ceefef56b2dd4bd310685c8cad0b1bb2a,49963437,4200,LI.FI diamond,4836,0.0407926410939549
338,0xba3b564e10aeb44eacdf2d5a592d6ada4a7e26a1,delegated,0x873365aa385741321f2e82304edac6d910085f3d70b7cbcbce9de9c249ce30d6,49963213,2000,Socket gateway,5,0.001637131002853705
339,0x6792bf376132c5f6d5a3393cc385628486ddf2be,delegated,0x0e89c6459b1723c5852176af1522dde27b5e2fde8976c879ee6d1060a3e8a328,49963202,468.967991,LI.FI diamond,341,0.001610909221882912
340,0xe37e2ad608db53a3c2c0882548e9af9e0ddf167d,delegated,0x23d6891f90843d5633233b7f665ca3e263687723ef64df19a76fe281442d03fa,49963174,1690.872579,LI.FI diamond,119,0.04041556002731599
341,0xa0e7f96d7e9cb3e150139343404c2b9a3ff1d1e6,plain,0xa615bc41b63741f9c307b1e1e1f6a330a9c92276020c0190f06ce331d7469999,49962946,7937.443186,LI.FI diamond,72,0.039166816041046874
342,0x52125738a4ac48f5a620756e6c63dee6aa021562,delegated,0x73c8235f7dd58d8176107a5d317e0205834a0c5278c235278c28891fbf5840ce,49962920,3229.368928,LI.FI diamond,246,0.011820739384997543
343,0x582cd934c3f723b6d7e1808d571efd8272acc71b,delegated,0xa640478ebe855e3f526978955a6a8f60fd2a0f0f854e1f897d4fec305d1898d1,49962319,2224.103034,LI.FI diamond,103,0.000565834394710403
344,0xe559c07dce06a2653b4323aadbb5878ae851feef,plain,0x17ad35a08ecae47754d0d4029f02e92f679dfa4cb467f54bb4f9808fbfd43b78,49961930,500,Uniswap universal router,13,0.000003351124699988
345,0xbce77923af5fb2aba681d3722ff86ed312f0668c,delegated,0xdec78f7708f1a318c69c852f53901e5def7160c0e5cd4635a77b088be6187847,49961813,508,LI.FI diamond,263,0.000632425087790251
346,0xc2697a89ed1c18d8b7774ad2d38fcf8e0c1107f7,plain,0xba12dea6f9ff1ecb9b22030652d60f194222bdbe8c7ca5b1582bd1d1e286e9f5,49961361,1202.276233,LI.FI diamond,6,0.002464093058931535
347,0xa3cbad284c6a1786b23c0dc0684e2c3bfe40b0aa,plain,0x967b1903e3dad5b5c49d1c8799be1242836d8cd84beaa90154c46b57e9956506,49960999,4972.69,Socket gateway,24,0.002015495041691102
348,0x1a7b917d3e7bcf2f6f2695c197f8838e9fa30efd,plain,0xc327f18685f9f9bb62b9f747e41702aee2dc2d3c7a23f6e80846019e65de1de9,49960956,2744.47,Socket gateway,24,0.001360747889331111
349,0x9ba418f7607f1355bdd4ec55ffbc9564a3f368ee,delegated,0x699cedfe809fd79a6d2d226b080a9f013503cf1334837657448ac231277dcc6e,49960922,500,LI.FI diamond,688,0.002029024259376906
350,0x6da35093d7661418dc24606b5d3478cd1e64124d,delegated,0xb87e5efe6e96468341a443211e9b23888064f6cdac4c32377a522aca8d45d969,49959800,6682.279864,LI.FI diamond,15,0.01714628127180971
351,0xa629309d3a6d2c9443993fc35d8e1d74d12d08f5,plain,0x9c4f9edf32a00b5871d63c6cf1cd62d89a1bffc13963ecf0df2ff6e35b1c3542,49959616,601.000234,LI.FI diamond,7,0.005641667728311778
352,0xe0ba96b487155d788503208ba3deea396e474829,plain,0x606f8ee639cdd50fa82f16f9e4d8a2fa90261d061a0603878a565e546317f39b,49959313,550.082523,LI.FI diamond,1484,0.011189223970923244
353,0xa58a800ccbbf800329005041354f9217ca113d74,delegated,0x79ca01f43921ded59120c46f7a9158f091c71ed4153daa090f43c18fffecd50c,49959296,1729.26475,LI.FI diamond,102,0.002188359240604085
354,0x3af1205a9d1062fab8dbe6c35b7e6630a00d2c1c,plain,0xfddf740563ffe31c81a343fdf38f04c8a6957fb14540bfa934dcd6b43f5ddca2,49959033,500,LI.FI diamond,83,0.03262583500779103
355,0x673d38aa74d59df8cc33126bc081cb3cb9762299,delegated,0x2115eacf1eff649c2e76210f8e120256e02a1bfb3bbae32fd1a882226df5e432,49958965,243.705424,LI.FI diamond,82,0.002867235813045309
356,0x247024d9c0169f704d9a192c830a3c749d8757e6,delegated,0x6ece8cf3f50821d03c0f40aa9394541e2e989164fe0bf094b86ee37219ad3232,49958465,486.35,LI.FI diamond,20,0.000300980490856481
357,0xc20e57bf666942c7b7c60dd9111d76ef439a23f7,delegated,0x87e412d50c795ee169b22aceb0073cf4c501c7246692bc07d0f3ccf54a09a3b7,49958442,2508.34,LI.FI diamond,38,0.003290507369214698
358,0x63c9e4f81716debc57db9fbc60600106a44b9964,plain,0x3fb10a8ae0fd46771d334abbebc6c80dc4f21a7a7433f4d71cad0f84186f209a,49958070,563.799219,LI.FI diamond,3393,0.03244505468411881
359,0xc3bfe8d9cfa42fb5fc917e1862b2efc335a6de71,plain,0x3288daaa310dcdc1db4c149fbbe835cd6dea4116dcfc06638562f6be5637e7b9,49957502,427,Socket gateway,277,0.000515343925905673
360,0x8a8beb956184ed109795f08a80e0b9ab350f804c,plain,0xa631dc604c51b5228336e681d990a6e1ff7e5efe5ab1ce4fee8cc662b55510c0,49956876,833.601838,LI.FI diamond,9,0.005585300517428163
361,0xb27a5d27bb1176a2c3e94d0cde7f6c9da61a69ca,plain,0x535643dd1f7feaeaf773656db791f620b667b0c7eae0298516e8c331938afb14,49956823,522.811532,LI.FI diamond,2116,0.014132065541439922
362,0x30e5bfc4a3fc3498d3abc2724313ea62059c78b1,plain,0x962542dd80e599a315f29a98a315f4fdbbe96c485b85066ef94a97caed29678b,49956334,919.08822,LI.FI diamond,15,0.002287206925380467
363,0x33383d77e74c01cb1102b25eb6b9083df3fa8341,plain,0xb10b6b5c58d55b6f3936d538160f578531bdec3e9f3b0cc91ea87b98cca1dc05,49956315,720.000674,LI.FI diamond,43,0.003297725675185133
364,0x15271c79e73b58dd0a70ec52743df7a58260a041,delegated,0x46c6cb4e82a27ee2fb39b9adc93b833abe86c34e34f5edc868aea5a1613ed900,49956011,350,LI.FI diamond,258,0.002437580636734276
365,0x2b29833a831207a3b92102b0708b32d624aa0f65,delegated,0x40e6f2ce47adb81128c2a7b3fc358708f9b2caab4bed1a06cd98202bfb21d33c,49955557,1786.801251,Socket gateway,2282,0.6838419171717702
366,0x40329f3e27dd3fe228799b4a665f6f104c2ab6b4,delegated,0xa6a6c6e78d78387bc24954fa9c3f6aea131119249db455107b16eea2966b3b40,49955496,520.095995,LI.FI diamond,1795,0.00667360495113184
367,0xf73bcf71d8d0a8609ea6cce17f984c1ef395a98b,delegated,0xaf1463b3cfacb7bdd184790cb5a2d3ec2d53955dceaec282dce3efa4123c2999,49955339,530,LI.FI diamond,586,0.006816071943736643
368,0x2a52b40213e6d7e11878064f08f5cb3df17df894,plain,0xcddd419da5120044c347e9360e6b13b70088ba720c82f0ba0626d9d6d49a1520,49953989,328.622133,LI.FI diamond,122,0.009185015250905216
369,0xa24ae1daad035a33f65df1c6220bd6187369a9f2,delegated,0xa47dd50fcdc9578263804b65aa7981171f42bc34f3432b4456286b8c3a367be4,49953931,1078,LI.FI diamond,7,0.000094277395237447
370,0xc776f1ae6502078f7654e005a998cd2d05398de6,delegated,0xcaac4b251bf092b4b69d6aea7b661dbf1d41d927f2563bd7feb3399de935781e,49953930,767.082262,LI.FI diamond,515,0.000467497911248518
371,0x003df61aa894d482067c256d512c6980b7c567f2,delegated,0x84a24d6c7dce4626c8e251843e9e54919b42c974341069a3448556070aea29d8,49953520,10416,Socket gateway,5,0.000008858830127791
372,0xdc9c5e34959ec3643af1e1d34a83d6b251aab1ef,plain,0x27cdf1e82cb7ba5c66040f4c94ae68adced971b0c0cb43bc34c8ee9fe3c80eca,49952890,591.03,LI.FI diamond,2611,0.03501383571927731
373,0x58e36397c3e649dba04aa2a9d360a09c44cd1350,delegated,0xb52bc40e73d139d9a63c2e87fdf17cd3cb2d71a7d38fd6acde0edd773cca1663,49952693,1334.349571,LI.FI diamond,7,0.001959557980396021
374,0x72b6e1fe1e6c37d6b6492715b3e3e45a799b3af5,plain,0x24f7df518d343b4abd77baee62e024dcb42009b53540143f5706cccde85d4592,49952656,247.610083,LI.FI diamond,10,0.002314599363760345
375,0xde6d22b7b9ff1b05ad580e073bfc6fcc00ceb561,plain,0x30829c6f5a58fc177e1b932d4b63aeb7ad8dc673758e3306eb7e98d7b80277e6,49952618,5000,LI.FI diamond,713,0.15728301241030895
376,0x2cbfdfbf7f538f10d4c6e80fad0f1a90b0a63cdd,plain,0xac054b8d96bc49c42c007090e2844174c643ac0bcffd94962ae62a3513acbb1d,49952214,238.844923,LI.FI diamond,652,0.002908684194348986
377,0x2132b33a7fce1cb15d82dc1180ebc78be3173089,plain,0x2333452ab136f7805008a821814e36e83b38bded065faa2d6559ebf6f129a129,49951997,564.695224,LI.FI diamond,14,0.000371978219073354
378,0x0b065f6d13f79ad0c3f1797d8a8aeebb5bca76ca,delegated,0x73b5d86f21936230aa6a923961a45484fd7bb54057c65a05da80f48f9769ed05,49951979,2647.071387,LI.FI diamond,15,0.00161924949543415
379,0x472a483181cada4ad2f52a476948594435592555,delegated,0x3e1e885a6f55c484609e2887b74fb536d59cfdbed08dee5ebf749d2f976f13e7,49951444,399.438468,LI.FI diamond,524,0.013892143684569168
380,0x725548927ee519b0222e9e72e2f271c1aa417ddb,plain,0xfd4dee08016c2fdaa5e44f87757c76326fd4e99b632163fb4297bb9329e61cb3,49951191,232.788261,LI.FI diamond,18,0.002097492165286088
381,0x2865fca7e167b233d8015bdfe501c814fc0bc279,delegated,0x4fa8f563736ad990fdba8dec9ec35ad3d52e5feef6162db7128075e3eeff6f15,49950569,286.230378,Socket gateway,14,0.002223093725681399
382,0xd0f30fb3d7e52ce14876447338f3fe88b56c0ea7,delegated,0x57ab2d66f2a16aa8c625342c7603ffea88ecdd6d2cb3f4388222ff773b56d124,49950223,245,LI.FI diamond,581,0.003694796679181254
383,0x53d8030093248268a697a6be3b252628d59deee3,delegated,0x7e85cbb325dd5849367873c75f79fff84b50e068c7031769021fdda1cf090265,49950035,500,LI.FI diamond,654,0.009759989803538153
384,0xbdf79692c2e58601fcb3b903822d4ce4c861ad09,plain,0xa2f5816443a28a87954ccc92dc16b000fce2cad1a2a818292908c58e37306434,49949124,321.56,LI.FI diamond,77,0.001027454879711039
385,0x203fb5cf023fd8c01463114b809c01ae00f6a3f8,delegated,0x8e5b1ddbd3fe0ad98b9f7f37a3340f2fc813da1414a88b7d39c69b00cfce2b2d,49949081,1064.497158,LI.FI diamond,26,0.002280162146094471
386,0x83ea2758dfc0e54c4a322fc5a25c904a224b4029,delegated,0xc09f61a1a30f930b6df910ea3ba037b3ad72937ad30726dccd578308f6fdbaa8,49948947,959.393351,LI.FI diamond,12,0.002284463941260981
387,0x0d52e60bf47b211e77b7540c0a343eb58cf90fe8,delegated,0x8e52e59b2de17a55a15c728466ff33c50637194a07762f963738d4652c6c69ff,49948565,1020,LI.FI diamond,1534,0.10331970866110828
388,0x96deb7013210b90576f848bbfd7917190a3b6dca,delegated,0x765d1676d38ce39b46be2cfa2153fcee7b2f8a9d393647a626e458f2d0040ea1,49947922,457.408596,LI.FI diamond,26,0.000019598612148092
389,0x0cb0fc9d89e16ac5f96545872be55fe65a39b05e,delegated,0x94dae63968a83b11b7941948b631f2d1ad540cea9b107b1d608a756967be7afc,49947825,756,LI.FI diamond,202,0.00336042130682188
390,0xd36457d31f37f84bcf002c2b1a40977d40616d85,plain,0xaae89e26bbf2e23f0aefcc64fd39205d71aa5b021a317ce8baf854698eeaf1e8,49947789,658.226932,LI.FI diamond,19,0.000424578866740358
391,0x43003f60def9a533674d54a752324fbc059de7f7,delegated,0xfa1ac02504ec8edc1dbacc48a5a0fd9d86c8b6fad9310ff31b30f39a8aa2d0f5,49946134,400,LI.FI diamond,2492,0.002334820733141644
392,0xc052392528d793df8d46823a440d3bde1eb3505d,delegated,0xbc1dec4718b9e06766a23d8e385258fcb3b47192507004f027dc5bf3cbe4233e,49945631,300,LI.FI diamond,205,0.005093221772715483
393,0x708a633ba349e4dc1705cfaa607638ffe63a62cb,plain,0x6feba5ca5b3f22cc7fc1163383c3d1803f9093e4122fb6f1b7ed6f7707849ce5,49945158,250,LI.FI diamond,3861,0.011082840174433582
394,0xdfa47933130f34e770c59b7ed218d7d409e5882d,delegated,0x19945bbe54a565c7b97e6288aa0503e29b02c641618a01efdba50d095f0be091,49944470,1200.813397,LI.FI diamond,515,0.000068833507831269
395,0x13a27e4a326393bf3f9723b9a2f12c1564b879c3,delegated,0x62b1fda647007e135b9114ebf580c1a21d3b914dc6a60e1e1433d416292034d9,49943646,540.47,LI.FI diamond,39,0.003138212443033764
396,0x4a0ac205a434ef265dceaafdcdb3932d063e5c40,plain,0x616c94a970556c000b5c0f9c657a0203c7779fc7f1e09bbd078b22219817a14b,49943294,500,LI.FI diamond,125,0.2940863522131673
397,0xb46f8460069b0e2af48856024e1f49bef5c23167,plain,0x983c5dc9a5ec710adb228607b86bd70b64bd6bcc8ab390820465386ac542d885,49941834,418.057015,LI.FI diamond,7,0.002641726411571618
398,0xb892cdfd57e0459551cf1f0a515b3068c10f8d8e,delegated,0x1019f7e009456f83b1d170432476f45610fd3ede5c0202009498f36a4aae4c19,49941807,250.00125,LI.FI diamond,717,0.000550571674517432
399,0x72576228d803ee5edc07b6bb6c6aac61c0529665,delegated,0x46095ed1257421ec676a84ae5253e0c88e3e685a9de8d52e9a4581c3fe41d379,49940694,236.475682,LI.FI diamond,1613,0.004487071975845429
400,0xf62d546bf92b3e54f95205ced6d88bdb471f4f74,delegated,0xa1d14c2d040aec14584e5a84c3f4dcdea09bfa29ce4c97fe064bc050e2d9033c,49939347,947.526497,LI.FI diamond,159,0.000576698172429668
401,0xba818e7f6b208f5a4f7cf282a9248d221144e4e5,delegated,0x596cd031451baff4e91fc7878c689163bee6f65d30a7e12418ca53c58db85f15,49939017,1543.660168,LI.FI diamond,271,0.003782880201867572
402,0x243438c382ff0778725be550b227e4e2b31a71cd,delegated,0x78c25950d35e32a40c3ee74cb558fc8826271b14b927a55bb958175073607e7c,49938932,7083.504871,LI.FI diamond,181,0.006177907901007351
403,0x24612508a2cbb40e4558b7396c856200e54f3c68,delegated,0xf73125691bff14e342b1720cc5e95a0fb72aa4e39310fa11ba83d41aa8f034b7,49937919,14111.110406,LI.FI diamond,9871,0.001652201543589322
404,0xc3ed9cba21f66ff7e65dd1972c55e28b227ed8ba,delegated,0x4f66e126ea47ddd3baa623aa54a7062d07e35196b12e2e343ea17d55e65c98f3,49937772,1990.623092,LI.FI diamond,282,0.010562110440010127
405,0x72a5d23d677aeb20cf42f16984cba48c11153813,delegated,0xc00d018fae18ac30a2968d6088cbd946d78611456396a2e53234d41ac37da557,49936764,1000,LI.FI diamond,23,0.058279037343653965
406,0x606f0a6a5324bf581866f6d2a61755246829bd52,delegated,0xc1fadf4f400623b4c5e67eb7817b903e65a804458f839606a5d28ef566054fb2,49936488,350,LI.FI diamond,70,0.26624602010025483
407,0xf5ed5722fb6be3038ebe51184473d292545a8424,plain,0x1ee4e9eb6f7888f6f798ea839938525b30ac401e54bbafd01ad0d404696f799b,49935811,808.121897,LI.FI diamond,40,0.00776348083898199
408,0x12c0b3695095310e6968447e471c0ae9a5b40e0c,delegated,0xf335ff594dfc8b6aac4780b8c2084214e5a20d506dca8d66fb09d8f91938cd01,49935682,1297,Socket gateway,50,0.041996857603124126
409,0x76c1cb279e64f35cc9f06468bd039157d1e19205,delegated,0x6f72d5babe13ddc0e4820bf84af1f5fb925424bc25614e6a9886e33a0123cdb8,49935407,696.457798,LI.FI diamond,591,0.001213180022225953
410,0xa31642f44293a9d9dab519873e0d2f9f1a3c0660,delegated,0x8a2681e580a7148175443fd32cc9b452a3858c5d784c291dea19e97f0cba26e4,49935133,459.667271,LI.FI diamond,604,0.000459812115326183
411,0xddacadd4681a5a8e7b03799e98090c7728168c2e,delegated,0x9c5f23394888bcf2fbce8cca17bcbe43f67d6e05ef8e67c0005b5bb6045142b9,49934647,500.97,LI.FI diamond,3952,0.010964877963816918
412,0x0ed82197dcd65e481423097fe905bd1a442ee4ae,delegated,0x71323f465b26923506536f555d1d3c3abc932bb30578536961566d3ec9f7423d,49933918,400,Socket gateway,30,0.000504089700720489
413,0x895055bd23cd3e557d84abde90ab67bee818b8fc,plain,0xb637a6454bc36840bc381d396c7186af3a15e17168a0e391e2a83376a9b180f8,49933912,260.947762,LI.FI diamond,13,0.000412242332643592
414,0x68a68ea09f8664fac750090e6006de18e282d333,delegated,0x75911606b0dae42e3d4ec5aeb4286905565e753c52f4787ae63c7b0c802307dd,49933535,10000.535114,LI.FI diamond,512,25.035066020388005
415,0x45c473363feccee7c3695dfc43b61b1039fa306c,plain,0x04a229a88acfe32c40a6a903e8f3ad10ba5ca08911a64b3662b93e86be6c7a74,49933396,945,Socket gateway,52,0.000549803054249174
416,0x53f843c546da92a14570b605a7edf5a695101064,plain,0xa7a9c44ba646e83c9be7029ab35ed2cc21b44bb58b1ff699f745801ebbd45c08,49933233,256,LI.FI diamond,130,0.28628622101290957
417,0x1cc626647b6e73a61e6b21d73c15e15d3c19e000,delegated,0x2150ba74fa4d67a3d64ddf0c5ee4a00bebdb43f50963f4e0e9d711807c3ae2c1,49933206,423.829861,LI.FI diamond,180,0.002004594004501442
418,0x6a271373709f36df2f6e6b7d8a11f23389634fbc,delegated,0xd39adc9ae59d5c47af2d93faaeda2f65af1af3542d3d6f7914ccbce9ba8b2d5d,49932970,400,LI.FI diamond,13,0.013702023645946785
419,0x4cdfbb8a901fca3c1d2938ffe839ba71f42cbebd,delegated,0x3d2ac4c84d443654966e76aad5aa98de3b67f85ccfb3527aac7a2647b9cb7db0,49932723,244,LI.FI diamond,354,0.4408490342724684
420,0x2be60b0fb138479f7333086cc2460620436a110e,plain,0x31d43a2a51fdd9b3c6142bb477ad9907e0e3ac892c30b0fb6f2524ea0eb0a18d,49932336,1941,LI.FI diamond,6124,0.018194723660276097
421,0x23d3c0d5e8226f18bf58bb3c68b149b3d7385936,delegated,0x2f8a063c9c3253d7d80b8ab206169d112714004c6a34a284f7ad84512496224c,49931830,650,LI.FI diamond,1760,0.005943913646588183
422,0x4e09d8a5b8df253b53d116852a9870a6baaafc14,delegated,0x9f38d2726f9de7dbd5d4bb6116316180cfd4d24ce5f574b5058132f16da093b0,49931811,424.847794,Socket gateway,500,6.73155024462e-7
423,0xf0a9f1a1dd5758f6ab1c552428b5309f51c21ab1,delegated,0x12dd9fdccb1c2a25b3581f41e8125f7dde6753001f5ddce55315c9389634c223,49931499,1000,LI.FI diamond,5,0.002995902101738426
424,0x41add7f9b98498b09073027053d58bd37e3fe736,plain,0xad2846e50a1b2fe9c61f1ef9ce931231f34e2f3c68e5ee18f3102932418e4726,49931092,427.03058,LI.FI diamond,79,0.03548398887304554
425,0x4d07212d7d3ce80d1abb0d7e3fb5207b01ea2ccc,delegated,0x993836507d6dc9a910c47abe09c671ee4526e9aae6641a8d61f3ca8d9c86f2f4,49929981,468.836472,LI.FI diamond,1200,0.000060707762367971
426,0xd37f7d7e67cbe0ea1ff31f038e602f17ed42236b,plain,0xd673b8ce3a1aa426c71b432209b275a007b7191d5bb5beb51d4bfcf6d19ca5f4,49929454,441.246435,LI.FI diamond,3932,0.23815508391845533
427,0xdabe9d23927bb25afc59f675cd8dc58e926764b6,plain,0xfb3f425c4ff8305d1903776a57378e607d7855d267aa5dd73f2b41f076706b3b,49929076,288.461538,LI.FI diamond,22,0.001940563902127654
428,0x13eb487cab05887612f1207572a4db375dad04a8,delegated,0xd8b44c11be0f7ce8f4f7b9708fa0c783a5a11bed59427ebfd078196e314dd28e,49928766,77999.00027,LI.FI diamond,6,0.000158925850724346
429,0xfbc4afa6bf89397539c6efd7a2dc6a1a75d2cf73,delegated,0xa9573692294094cafb4e0aeaafe8832684443a8608b7ab8085dc0b6f25666b87,49928333,379.9,LI.FI diamond,64,0.000043014839772394
430,0xb55439ecc8d04a042feb83628576ee8bec20cfdf,delegated,0x9e7a53ea98077759285306bbfbf476ed114070336e490fa149049f4625e50054,49926341,400,LI.FI diamond,392,0.000953335453149828
431,0xc88291a6491e951b14568a97afcedd576dcb87ba,delegated,0xe5375477e634eae3729de4c885f4fa5d6df83cbedb3c192b63f4b2e5ca630e00,49926222,1000,LI.FI diamond,2641,0.00854937244017787
432,0xa60ab65b7fc55f5526af0b8ab038dc621606c8df,delegated,0x9eb07cd3252b7d2aa099290ee75347740d142a66d977fd75dca9bbf5dc975894,49926153,700,LI.FI diamond,569,0.25234875311128496
433,0x271d3cf14a3d2a724e613b94e20b2487066765e4,plain,0xc939bb085c05ea1391b57ffcbb7dcfdb18b3464bddbb461d83a7e14bd68f3460,49926039,250,LI.FI diamond,24,0.21648064495370872
434,0x8a1ea8fa9d5af1c0534e958915241486d526f62e,delegated,0x68a04ccc3567f67350dd62332aac6c68da63be0bbacec332f4f3795c57dd9996,49925882,500,LI.FI diamond,81,0.04883207642063113
435,0x36c39434db7987cae67233d06de9427c4c67e787,delegated,0x4c49a49f255a9b0d0e457bd4ab5bd4ccdcaaf7fb59be8095e9afe376b4bc0b63,49925822,3964.122442,LI.FI diamond,44,0.000854360827497155
436,0x663bd8fde233628a5009d01163a4131dac9522ab,delegated,0xadc5bf0217ad99eb5fc98632b03f6c536b91dfd55602090c0bb848dd6331c3fe,49925131,450,LI.FI diamond,258,0.05625975362447103
437,0xc23266874b30f114b1bbe70753ed770b1c01a38e,delegated,0x737c6594a9ff1e762622ba520b869e76405b42b0fa5dbeda4b4bc32ff635ff10,49924564,250,LI.FI diamond,342,0.0047279763121332
438,0x45c3707c25ece1e4705a5d708685f0a77dc18cd1,delegated,0x1c747c0bfcd7c0db32d46fc2e5052ec3140c6d7fdf73736041a0039665c8c276,49923993,2891.058102,LI.FI diamond,1662,0.036941271654818066
439,0x8d1ed351e283dc35f3a67e2631b9623ea0817a78,plain,0xb82a6a9b2821b745ffdfd735f9517780cb3859efc64af306f24635c3068dd149,49923004,415.854211,LI.FI diamond,64,0.00048248759997559
440,0xe7e54bd49cd04f439610392e49ab8cd2a159630c,delegated,0xe2599ac547637320f8faeed15e04ed39db0f91e4ab53588fed2c5956eaf234f8,49922899,717.911071,LI.FI diamond,224,0.005570498522795531
441,0x4f0521834ac9a1d40fe9d1a199afdfda51c89687,delegated,0x71c794e1b0c829709b667776acbafd0b3fb4ed98e886f9d4735fa738408c153b,49922561,1500.942927,LI.FI diamond,459,0.018100957140934924
442,0x92fe8457074ca90eec89d97344cb7ea1c602f2cf,plain,0x28111e06f57e63a4b4b2c440c7a14603c6ca398f3e42526c17153d5a57249fd8,49921831,441,LI.FI diamond,15,0.001795358630132852
443,0xc686da2a7f70f373908040ade969da881d455654,delegated,0xeec381672428533d3049668d377b97b0f4c48f8c6b62ea86cf90342ac1e69aa2,49921668,479.661403,LI.FI diamond,35,0.01769537041768833
444,0x0a8de98d467effaa9ef602f43cbfe2813b77efae,delegated,0xe5d6f16a6e31cdee5e1272331a6f9061bcdc81e6c92b11275d6ddc774bc1d2d1,49921153,998,LI.FI diamond,27,0.00404259146868715
445,0x153522110afcf319c9bee8cd7b8046eeeb05d14b,plain,0x91e5a87c61ea3209a125f303aec1e6b6ffc1f3e8b80365da569a2ae62a2cb2b8,49920757,500,LI.FI diamond,63,0.000990327105034736
446,0xdb5ac0ecbcd933eb4588dc90a8002384086c6c1a,plain,0x25d2975a46b3227c6dc1f78508837a2b44cec1938412411f750d718371a4acde,49920718,400.000001,LI.FI diamond,26,0.05797568432884007
447,0x77d871dc1852420ed6b0847264ef4405572e4e4c,plain,0xe8e093a35c37656106c93994372fcc132047a5bf178f4f88abe7e5546f44018c,49920308,2369.432204,LI.FI diamond,32,0.04491314227766265
448,0x8c25caf7e3873d1d5b4973ff7e13af004d7c98cc,delegated,0x5b0c12b5c3d5610ba01cd9e5e582cc37678cc4f0a60eccdc7f9759b34ffce948,49919992,631.8173,LI.FI diamond,519,0.001095046281574555
449,0x67fe79570ae78f0292dd8cce6ca1be1a6880837b,delegated,0x1961a3a32cf47870520995fb16aa6ef3dd74b94085650dbc7a96e96fba8d9457,49919820,1000,LI.FI diamond,142,0.000231474473855072
450,0xe00a67b21bf51782e01c5aa06b9c9b4781f5aaf2,plain,0xf02027b35a660c5ed257c1388ba279e1999c000a60d5e4456c1b952963da86a5,49919691,330,Uniswap universal router,9543,0.08659838759292808
451,0x6767a7296ea3bde8c01a1678e0ba3beb2917cc80,delegated,0x0e6de8e519ed1e87cf49a4e9ef7e96dc05e6c36dd8246b35a21e3853358aed81,49919642,1000.004812,LI.FI diamond,145,0.012213500623010349
452,0x9b18bd08c490e96d9dd8e53f4196ad46208a7c0f,delegated,0x2ba59f3cbac0234086403f1ee9d34d0f18bd917378a5e1bb21f111c39cb80bde,49919207,231.86,LI.FI diamond,669,0.000944442780254377
453,0x0b0f9f02d9aef778433dea88c4bec341d6c86834,delegated,0x8c7eba1d476c8e348f1d576942a95d79dee851def3ee347a8d5f6919519b55be,49919110,562.945862,LI.FI diamond,6825,1.0483879522675574
454,0xcf26c371a40fe9e707ef52be34180f0e8f5c8ac0,delegated,0x55781f4cb32209d235d69c37bac01e69d5ec33111a7a2e25f9c9926c708cc772,49917931,1945.769405,LI.FI diamond,418,0.000009256942311598
455,0xdb03585d268368a99b8704c55187d00693a9127e,delegated,0x086448e1b20038869f51dcc8cd574ecf515d0fee70a0ffdfcde6c1e0521da2cf,49917426,1036.65,LI.FI diamond,173,0.000111263445533573
456,0xd86d98dcc0547b7aebf616e51dbd4b654d535277,delegated,0xef9523c361ff0d4f0f7d909e2f20d2277387d1197c5dbc0d9444f087711e1a50,49917041,230,Socket gateway,25,0.002131915354828319
457,0x44311fa6ef7b266e74feb6979e2000960491d42d,plain,0x2bb3d298475ebc31599b58456de21bf47b3bd0393dbbc1427c0db6a98323ccb6,49917024,2000.7,LI.FI diamond,23,0.000324643613175945
458,0x6176d69507c204debc902a834259d852c0a7d495,delegated,0x41e654a6718d1b72a6813d05be5b72892d88e8f202f7aea52c8e4c6e34c993e8,49916754,258,LI.FI diamond,12,0.000370206439640242
459,0x6fc4d83cd48573b26bd3d1701b26563bbea54f43,plain,0x7aeb72743b9c3958c8d45d0a4e3d8409eaabb5dc39c0a9fcc280f8b0849d3a82,49915732,500,LI.FI diamond,808,0.03575108798518908
460,0xdf061ba71442189caf556be869ed88c8a3bbcdfb,delegated,0xbd7955bde8e562aab0d6a4c7d787e6bed9f2153dcb55566aa37a549e5048e669,49915444,300,LI.FI diamond,20,0.001140083029742168
461,0x340ba0d834945a6951d4e5776235bbacd8a3639f,plain,0x1a62e173441679e3b379f7cecde184b1478af797df7ef37611dc0d96859b1056,49914873,563.992922,LI.FI diamond,2865,0.013858052493862764
462,0x804050536928b462257f824d189d410ce4b0224c,delegated,0xd4760d92cd9787f7553eca6ebfe2e0a5f4bda9085dfdee7ab330be5a89f6a447,49914754,1483.013478,LI.FI diamond,4230,0.002085493420313315
463,0x56118c5f2b9522c8350e58b853cfd0bcfd0dc3d0,plain,0x4c8b08c1591737843d53278434bef420d86ae036689d841e2721da507c3cfe4c,49914751,800,LI.FI diamond,17,0.000036777936525276
464,0x1cda9c54537dc432506b2e057b1a3027a0d4f236,delegated,0x4ca84b54c1d4085cf0a377a6a642c0077fe252d1d5d1f118c1f2d8d746e4f620,49914598,8000,LI.FI diamond,971,0.00456419442900784
465,0x42e44363e6dfaf0e8d41a018a2df1423a4bdba90,delegated,0xc410e6b920b09d8fe8bdac78c6e0c493c0dbab286f32ec118a1994efa72f45e8,49914002,400,LI.FI diamond,69,0.000124735213718694
466,0x882d81f77419aba1481b897eccb0d357cf7a9f7b,delegated,0x2b5ec6bd6234ddfc07e37538f207fec5a9c6dbb5f8a2ff5e337175fbafe21be7,49913301,927,LI.FI diamond,9,0.001615588444939616
467,0xc34013cbd55126e676b260b7142c80e6af800a00,plain,0x50a406589524493b6b98c55595395e5f410f112b97f728def245f39a3a8014ec,49913080,500,LI.FI diamond,127,0.004439164331599234
468,0xe4e11d872f189b64d9d6a34b7a653acd822db5e5,delegated,0x42363efbd00e80ffeffdb41b10641762eafdecaea09da17649cbf552657e0c01,49912963,1000.030576,Socket gateway,5,0.002214728754888378
469,0xa6b5d498d2d69d96ddaf9fb29fbcb73055db1539,delegated,0x18faeecfeeed27044406023d17393b21135cb7f4c864fa2dd22dce33a58df258,49912177,250,LI.FI diamond,12,0.00622974007172469
470,0x598ebddcc1d97d0fcc17df00812d6f4dab5f5e79,delegated,0xefb03b0ac15fef360bd332d25153de17a6f7be4f265acee20775d8c98a660532,49911888,1436.59,LI.FI diamond,5626,0.00040459
471,0x4990eddcc033bef2cf5a4bd5b2ff777695ccee6a,delegated,0x36c54280ff5606ddfc64641c33b7a2ba45fa83ca2ee88a74eb8d31fbafb383f9,49911541,856.008234,LI.FI diamond,1069,0.013580011610328388
472,0xeba8239d39c8d2ddae21e74d0f9d256019c5b70a,delegated,0x2f165dcdebe5bede6a2905d3369a0fa981fa18a5f8632dfe922180acaaf8a09b,49911536,842.649588,Socket gateway,2497,0.000283930656954527
473,0xa32535ad94ad1aa8053e39cf48196588d9c57c38,plain,0xb2dea3d8556e1ffde444ab6bf5630ae25313dfef99b0b4c9d223744313f574f8,49911320,505.676614,LI.FI diamond,2966,0.024405084848553128
474,0xc9c78142a3264c1a0caae6a57b8d428cd2d367c5,delegated,0x88f02da5602db6ea4761d7c2229cc72b95de3cd1c7045becd3fd676cfb9a46b6,49911286,1152.403215,LI.FI diamond,7,0.6111635018020641
475,0x23e377368c6c6b76dab87fd90f8ab3d4824d0d84,delegated,0xffe44f7c584c42931b95640d21e048ca53e30f90afe50602baba7c9c908c5337,49911007,500,LI.FI diamond,15,0.004158802166335018
476,0xee82dd514b5a62b73393d4701863b22064f761aa,plain,0x750102fcbfac0904e6d3526c2df6528ca23512c83787ffe7fcb2652cac677b4d,49910622,506.634879,Uniswap universal router,449,0.006592291591680044
477,0x2f076ac1dcd37e46fb137a9ca828c3a451269f36,delegated,0x58b6d28de2b30cf51e8dd03863eec3157aded7c73c325a2421502824cc816db3,49910544,4875.517187,LI.FI diamond,86,0.010575358740403244
478,0x95f615c88f791351b414322a0a7f9cc7354ae19f,delegated,0x444a25fe55c9d72ddac433801fb5657129b18f7f7c8a04dc4b65f857c10d462f,49909509,591.929391,LI.FI diamond,3047,0.050028457748539555
479,0x34ec44008344cdd3dfe47ca33983da449b334f51,plain,0x1a82b145faf0daf2456f99eca91f2635513077810bb0df8e364a923a1b80b126,49908605,6130,LI.FI diamond,1290,0.002283693222545518
480,0x41905cb75636575d38a2abf184adc580083dfe75,plain,0x7b63a6fa8668acf6b16bcb495b2954401fd509c4f81edfea2cb8ec725b30a3bf,49908318,500,LI.FI diamond,858,0.004583538205352926
481,0x30da809ea10079691943894e81b4dab989811b9f,plain,0x8987784465689d84e2e6d6355854faf311d5c2f426f0d0129fdf3f502e0f4b9e,49908242,7044.267009,LI.FI diamond,256,0.002703688646832063
482,0x1c53d7658959a57648b8fdc07f864f33f821b202,delegated,0x06bdd5e3c5079b1c285a6bab0f92a1de6fe90675b83f8f5770560f973b5fad88,49908191,850.012113,LI.FI diamond,3235,0.002236812215386784
483,0x2b645cf67fb09854ba7d7bc69b5ececcab92556b,plain,0x95d1e6010eed5744aaf7ce47d2731efb2a12811b13e018570040b05a2eabb899,49908030,1014,LI.FI diamond,1343,0.06100815278196112
484,0x6891b7bcfa3f401151582ef1aa564bd75b480619,plain,0x6a1d0e2789e250c3c5d581289f15a737f42559aaea9e46857c6756c575ed17f1,49907127,400,LI.FI diamond,175,0.000504866577459323
485,0xefc5ff84594ebf147dceaeb5c41079672cf0d85c,plain,0xef8920559d93e1e3fbeeee1fcc520a94e9e38d8f2735e448206891f6897e27ed,49906699,2510,LI.FI diamond,8795,0.427880486295712
486,0xe3d9b83941973e96a7950b82ebeb0da7ab0eb0cf,delegated,0x147725dbf29dd756850f9801a88ec35da9987ce062011d52f3a995c597a0227e,49905619,250,LI.FI diamond,12,0.000465093441432715
487,0xe303d0124b0072291d36bc4a98da467eb06b4cc9,plain,0xaf541fe972946580745ecfa7cec79320a581ab70528dfe768899d025e35fa077,49904417,5000,LI.FI diamond,87814,7.821972818093621
488,0xbe37d30b62afee175bdee3bc0a0750f884003ad8,delegated,0x8c13579e9a5839a5320ce94880aa34b004ae66dfcb6c7ecf1cb8281ace1ccceb,49904331,600,LI.FI diamond,20,0.000016731617267938
489,0x5f0c6c3ac811d6af97f0c54dd7fcc868015979f8,delegated,0x10db4212a8b7cfac3c362e98b8f26020f4a8f87ae2d08604917da4552b093ad7,49904144,280,LI.FI diamond,351,0.005302864697636564
490,0x530df38ca701262e5520854ef346da4d1aecbd5b,plain,0x4b1860a0a1d2fce1782d99c879f26a185499f0b8e53732521a8ef063101da145,49904037,1733.573362,LI.FI diamond,578,0.008683991804076013
491,0x0fffb7648461beead3b49f417747ba5d59adf401,plain,0x29c0afe6407724ec5861cdd8df8c0e4013cd9ddc24da7729d32569fa7d024932,49903711,1179.741267,LI.FI diamond,6,0.000453040348330012
492,0x11f0418107c318088a37464049c6c6abe576a0c5,delegated,0x38a8ebdad93a34361a58677eae5715512c76ea6a057a0137b2a09d65bfead74a,49903653,497,LI.FI diamond,301,0.009623229033297752
493,0x6a7218f198657bd709bfaa9f597a0522b26cc29f,delegated,0x3a95518a95f52c160eef7b9f60173c098e06c299905f487bedd1808cbd667e96,49902478,400,LI.FI diamond,121,0.000279982668657694
494,0x7a78c0d018edb4f41b76c0cb8ae1ec6c6e11c57c,plain,0x2da772c640a37215bf8a553617067199da6373e11bddeef844d125dfa5d51ecd,49901574,30000,LI.FI diamond,4920,0.012022296615559864
495,0x072ab8b22c7c7b4dd2b3367c6e7445d6c9e3cb2f,plain,0x692b1be20bb8343d2511672b2336d0a79bfb856c2e0c2116a34bb5491718b61b,49901551,1006.048359,LI.FI diamond,5380,0.010193095225943395
496,0x77e7c2a3b6e9a017928d2a9d9c95b19490158a6e,plain,0x8c0706547581e40550c25262eefa7a782078c9e682944a44e9d4b3217180c5b0,49901379,4100,LI.FI diamond,51,0.01018716623410268
497,0xba6ed2abfe3aea28489e243ca3d51a562e0afbcc,delegated,0xac32a7ae4cda331963770394921aa540a57e47526f5a71537088c60d01bbe03b,49901368,1000,LI.FI diamond,9,0.000093598169001256
498,0xf501823375120c6927aab11a3fdcd171d868972b,delegated,0x0033f2923cd7348f1deb28795ce134e2969b1760153e92313225ec6d183c3ccc,49901090,266.424832,LI.FI diamond,227,0.003674706754229904
499,0x2b7815fe62d1487b0eb728cc3bcc7b5a8f9c83a2,delegated,0x8f4185504c98002328789309dc5c969f0df3c0b61276ee47ce05f7d6e6d74a6e,49900646,227.045258,LI.FI diamond,2967,0.10706309981192043
500,0x011c4f036d68d0a6d0b55b31b37e0dff04e1c41a,delegated,0x8a09d8e0da818c2c7bbd2c0a60ca9d6258329f844a7e7be933a8927556e2d33a,49900204,370,LI.FI diamond,1085,0.000859410988587801
501,0x8b8f44ff0a0ebcd01488014c25107908905056dc,delegated,0xe52f197ca2e9ec9408cb4594650a4fdeb57986e2bdf586b88c6f2d0ae4a9a926,49898264,243.998809,LI.FI diamond,102,4.260016949e-9
502,0xbc0b8482ab2cee2c527f1c83f5d97bac7cf2bc37,delegated,0xe791c671db9de960e08f2b1af7b29dbf5758bba44ab24613fea1b0bd20a9264b,49897527,1399.917724,LI.FI diamond,24,0.003494265885215598
503,0xffbda516c15fa92452ff051f9597bb90088f1338,delegated,0x248d5acce764926023ff7c2570a22a2104d47850ead502894bd7105e5d3756e0,49897392,509.746756,LI.FI diamond,15,0.013372794780340652
504,0x1d467de74c2e059d9b5f29b01da4b34fd81b8fd8,plain,0x2bd547bcdf995cac7d041616781aa7f9584905a6abe8aa3c9a61daed036379c3,49897074,9953.808009,LI.FI diamond,231,0.006861298983370437
505,0xe68d92f76c4840205535730ccae4220124766922,plain,0x6e2241816a7f3a0fd548d3dae3e4ae1ff626fad82a8a8d3e2f7305b298b42783,49896745,1026.280208,LI.FI diamond,2587,0.000076426835262432
506,0xa1c1a38745a8bb781047af8403fb5b61db996284,delegated,0x08c141ce84e144195dead9914e9273f678df8dd6208fcdbb8a8e4211eac2c27d,49896651,239.155492,LI.FI diamond,303,0.002960687560669409
507,0x100d5164fc8c65df61fea01330948f435bb12100,plain,0x919c5fc555600cda038b8b0dc2e4b22b194f6ae35277fad1bcf4a1b1163428b8,49896651,956.309769,LI.FI diamond,2225,0.00042870908670011
508,0x653a04b2f7296ba9d42ce7cf6b437ba14a005da7,delegated,0x10d917dc2b23ff54e5635118fff9c8d1ade40205990ae6dd548e2df227d4e0f2,49896586,406.723582,LI.FI diamond,957,0.002171187623064434
509,0xd818c3e31f785eac7d20758b5530570bd6e082a6,delegated,0x7f2f51bdb1f9f5695386354aadc2d98d70618a58639244a03e28cec11e9ee716,49894399,500,Socket gateway,82,0.000076868246663852
510,0x494bfaec977e2b031c063a6d9ba5bd2e500d32dd,delegated,0x37312a12445834c0bf105ad137fafbbb7683a1dc141490736dfb4ed95e497e6f,49894059,55156.074035,LI.FI diamond,1159,0.008251478818164628
511,0xf7b68b15c52d4ee5380f6dc8c5281fe10c9c410d,delegated,0x5d79bcc322100b345b2bd77c7ba17f340ad004a70f8999fbb334a656aa3773c8,49894030,500,LI.FI diamond,2401,0.000105231237833288
512,0x990dd042313fccbe4b39a5df318e3cd9a6ea90f3,plain,0x13f7f640d9706c3379ccb455cb23b00827a45d261f8886379f77da95f67f7872,49893883,300,Socket gateway,20,0.000512187341004914
513,0xd92456d117390ec0d29e5af2e53c4180e5c4cd5b,delegated,0x21884c6744175dd2c03dc2f03aca2058dd8e8e8d6750357d4af25347b36d2b6e,49893675,410,LI.FI diamond,484,6.6496214132e-8
514,0x3ecc3d24c804d239d5c5e43b5dce4dc0eae7cdd5,delegated,0x8e0619c025aa64dcfb3b4aa6dd97acdf7c587fe37ac2bdd6122cc43f38bdaebd,49893565,1086.70296,LI.FI diamond,625,0.000388738414220524
515,0xd61e067c458d2c03c899e7aac2f42a54aac40d44,plain,0x089abfa993ddabe882a2f61c15af4a7ea2509c732a692338986647261ab9b649,49893540,390.369,LI.FI diamond,122,0.005201212579440375
516,0x0067fbcbcb2e9a73972b2a661dffd6da25c09ec6,delegated,0x8bca2ba96e015efcc75e6623c1f6fe452d6bb0113f596ba462b742fffd0e835b,49893206,1001.043886,LI.FI diamond,260,0.000485139147532254
517,0x205e8d46dbec12db7dd4842453b7904cfaf9de42,delegated,0x00d07aea99b86b8c598d6ac8c20e7fb84c9453444c8cee9beb6f3f01e5627d14,49892461,997.2982,LI.FI diamond,1250,0.5091589841781461
518,0x0eb531ba9c9a38fa19393ff0ba360ab5ab79178a,delegated,0x5df9efb3a318a9835cf58daedaccf648f5ea833aaaf856b0a1c90ede761a99cd,49891916,568.754948,LI.FI diamond,13,0.0001
519,0x19f283c55011cdda0a05873fc15cd6aab48f73ee,delegated,0x727248d54edb4a7fae1d9878e501f8b390e6a4494d0c72f9c0076577d1518eef,49891905,5000,LI.FI diamond,124,0.002072287646827247
520,0x8c451604a08a36e65d7f7d56792e2eca4380c1de,delegated,0x3ce7d5567958820c484acac224ddf8e7b354e4aaf635de196e2b19d2f4ed480c,49891717,6476.35,LI.FI diamond,74,0.004064418099273347
521,0x8e3b18a20bd1ed1eda2d64b36f2ac0362200b165,delegated,0xd7137f2f94d6e497f59e42a79ff1aebf80df75da293f9d12ee71c205d05d734b,49891527,389.8,Socket gateway,48,0.000870928585071259
522,0xe7361ac8fa5d678029aeea262f07548fe1a0e8dd,delegated,0xc9d43acd7df02e366c879c5a415b9f9658f3804977fd68676344a1e7ff91e45f,49890190,312.679439,LI.FI diamond,31,0.000231310316073773
523,0xf787940f1ea5904c716fba907efbce2ed34b7358,plain,0xb22ff8e331c9312d89cdd2e457123a07c63ccc3d3526ede33fbea5f90dce830d,49888705,3073.218743,LI.FI diamond,5,1.7878744420879509
524,0xb53823bb2417cda8b85af24427d0e4d939b6fb0f,plain,0xb3a65027d8e785b9dd1d851d8237d58a79322d77d2aec4ec229a1900c2ee2e75,49888401,4320,LI.FI diamond,6,0.00143417448308127
525,0x553be22f719bc06e1ec741d4409c41e1c4db0112,delegated,0x2550606f3a78d71c747c3c9c4a49e7ef1a8467413d889c85c3c3b69313d610c8,49888222,796.898461,LI.FI diamond,16,0.5017527089230535
526,0x3a62d17a4ccb6cec7303703f7cc09e0b9a94d606,delegated,0x4802088d4c7610a5b05d9d051f823e833919463a91d92cb52f3c50323f1941a6,49887526,1348.503154,LI.FI diamond,154,0.000005696643506692
527,0x865f27824c54ec6c62aef36f69f6bc947fc3f0d3,delegated,0x7956b9b4ecf99dceb3696ed822f28ec68a083b6b4de384b3afb77b56965380d0,49887078,228.918869,LI.FI diamond,53,0.12336272443256997
528,0xa4bb00f70e11b7addecb35d5556e6c2e429ff897,delegated,0x754e97102d715d11ba680dd7984a7640cdc53dd4fe412304c4c6b825afbb379b,49885666,259.31,LI.FI diamond,118,0.04681646992620558
529,0x18afc0deb0e3ce87c7e52f765e7588a5597cf4a6,plain,0x29367ac4d1e88b1d1d0d25439701a285beb90960749494ec5a1c8bb89036dac3,49885574,685,Socket gateway,18,0.002848900720115811
530,0xcc1a28e79ef62cdeaaa130ac12387c734c1e53e9,delegated,0x1bf85d6286e0e9f69edb2ea3f989c4d099bf8626b6001ab11cbc8f29694f6acb,49885574,236.61,Socket gateway,49,0.00011140519001746
531,0x409e2e94df349454fcff971e1cd33118dec8950a,plain,0x93349089e8b59ed1e4b9f3cddac8ec6715f7fef60fe460216afa144aa098311b,49885429,1000,LI.FI diamond,122,0.003840880815561389
532,0x3b05df630e3c393ecc6383bf4fd1def43bf50ff9,plain,0x42fb80c52bcebe9e127047b96e222fc27295947a78055116a64528c472ec27ce,49885393,1999,LI.FI diamond,7,0.000811001988706646
533,0x23961ba530572ba79f37e6cdcd5ac3821cf50990,plain,0x5ba0311c6366d32f2caa47c6c28ba9d1a0445704532dc07894ae51083afb8dee,49884802,834.162309,Socket gateway,18,5.96180026704e-7
534,0x4a9665e72d312987f3377df632e7f19272d5ab81,delegated,0x551611a96b9d68164df76bd6fcf4844d38cdc2766845fc2307ba9bc98fdb29cd,49883760,290.1,Socket gateway,172,0.01180568192110994
535,0x966013bac1022d3fd63279ec6fcb7ff169b12457,delegated,0xb8e98637f606cb49267ac9a752bdb6716864951f33d3a2db815fc793b4b00cc2,49883749,400,LI.FI diamond,429,0.9447124859237397
536,0xfac2c8855c10cf01a8e89e6c8eb49249ce944ce4,plain,0xf33b967533a55212f029de28506f73a5897b757fa4058cb370a809ddee2c5216,49883635,384.580727,LI.FI diamond,61,0.006240437140069262
537,0xf41bfe4404c119407be5c7fed8e8f449d4c5a690,delegated,0x6690af19a8f4e62859237082fab36c266f2f33b3c7f73916c5607288d6e52ddd,49883430,350,LI.FI diamond,400,0.006006185107531237
538,0xdbb90b3b3ada7f69f63caddacfc0efbbc0fc9fde,delegated,0x7aea279ad504e02bc89829b728a95a0ab163bc9df9f7a69fd4a2fd8d6032da73,49883310,9833.932438,LI.FI diamond,542,0.001752468435748035
539,0x9405ab67394bf3613f90235b472940c565f82685,delegated,0x6fd423e4699658420e824170359d451ff3e862b52bb0707147d5ca9a806cb3c8,49883259,349.351674,LI.FI diamond,36,0.000301251087325839
540,0xf8378bfb1e38d1d8b9799342aaef9016fc52137a,plain,0x70ab0ccf4e98df7c92cf46db6915c3396525b514376c698e841a042260e6de77,49882780,420,LI.FI diamond,2019,0.1981219160896656
541,0x11323afc3c514f05a1105ebb85c09c989ca247a4,plain,0x398e1f07bb4521ca829f321e5e3f309dd2574b1fed13de0fc44f83a4e2095eff,49882645,5750,LI.FI diamond,23,0.1447143967642555
542,0xe4eb51d709d22fe02c42f68a0483fa70a772e984,delegated,0x2ff78a905892c7b5557473823748ed6fd252856882666f2fd16359a17ef5483e,49882081,300,LI.FI diamond,18,0.008693838587060397
543,0xb6945a4f560504a51ddc3fa4ab6013c4559a00eb,delegated,0xe842fe023e07f0d2f3385c9d100ceefc8de2c9da4b998f4b5d4833e9e5ff8873,49881391,360,LI.FI diamond,14028,0.005429743466801216
544,0x7a3f8c920cb96f0f05848dee6010506e40a6ce8c,delegated,0x8b7797a2aa4c76bcc5c956c4f093a2a9e501ead23211cbed227c78b2335a2962,49881356,1000,LI.FI diamond,32,0.003001726894173331
545,0x24728912c072b61d1618e6c9e454a1908deddc45,delegated,0x97d823664d12def9164ce758ea5367e8bdfd4f30e124d84b40c405701814faa9,49879501,538.216563,LI.FI diamond,216,0.010905568143386443
546,0x6102fb7b72936d10d1029573461cc2409979f49d,delegated,0x88e9cce7bbab0304f36557eeccf9606afefe39a04d4dc31450e1198d9647c2c7,49878919,500,LI.FI diamond,1350,0.00285811975599578
547,0x5bf408f4425e88558a5ce12ed0209c38342e0053,delegated,0x0df90cd0e0ec2205de180e58a65a60cb6edfe1eb838cfd15a43b25780d8b8416,49877857,658.658347,LI.FI diamond,47,0.001725243772799542
548,0xbb6a095cf73bf404df39528fca366b3ba938adbe,delegated,0x21dd30c897f98a409cd622c09ab1ebf80ff4dde123882b45e955298d160d1356,49877520,400,LI.FI diamond,231,0.000004892881403248
549,0x39c36bfc5814aff7cbb4040d1ab0c7835ae43050,plain,0xeeef776250f7d1cfc7a5e03eb1adaac798344f88ee8bcd59585343ccd8bc23bb,49876940,240.670392,LI.FI diamond,58,0.002021517449742069
550,0xab0dea681bd8648ec853505c55c6ef477e5552f8,delegated,0x07aaff8233bbfd774bc0969e96d2bfdc51040325a32ab2992df3aff2fa607dd3,49876622,450,LI.FI diamond,3965,0.002888054778034098
551,0xb4968ae81fdd1bc3b8fbf832ffda61bc337f5118,delegated,0x42de48d13446bd82b0d13ffc01a1eef1c5ed07d085ce73b1ca770d38ea785d16,49876534,1000,Socket gateway,26,0.002727074555585731
552,0x1484ab812a3b4da24967eb0281586ef5b6371074,plain,0xeb0f691b9d83b17faaee89a6ad3f3c1bd27e30bee6953acabef98b8a78a37254,49876167,3787.792969,Socket gateway,34,0.000001224768473761
553,0x38336683de8a067789dc5c85f1883c9572be5926,delegated,0x4e288a52a72840241334f6fc2dfaa060d2330d24558e69db3121ecc15e762774,49875945,7372,LI.FI diamond,25,0.001847141533332824
554,0xbb0234d37a35ecbfb8d5f00ff33eb11037c6e265,delegated,0x7902cb50edf63697f51a07a339b73a4681d841ac3ce54a46f9be048b6ea53dc1,49875494,507.687036,LI.FI diamond,2780,0.002468199652173393
555,0xd6348cfda42c8a37b6cf3576b1112f9cd2bfdb7b,delegated,0xd639b0bf99de21b39915d98bfcb6ed3dda1584009bd9a49d3f7afdcf7cf7bafd,49874848,500,LI.FI diamond,245,0.002751003176419021
556,0x6c19180a32b4e13b1aa55ca963bd6fb195ad2e90,delegated,0xdd4e58d2a0c64474eb9be51b1ca5028101b370198ba9ad86c8628c54be173ed7,49874793,763,LI.FI diamond,305,0.02658891018016765
557,0x110671bd5b97dc11411b7d0f335922f1aa3ed415,delegated,0x7abe7f4be9f76a80f78f22e31c6116cce3df5453ae5ade41533a7115a1e5f685,49874401,3277.056019,LI.FI diamond,763,0.015680033679261615
558,0x58a5f56ac2bec3679c28a120863ac062e32ee6f0,plain,0x65ae8b817d8ea8a6346b7367d7045ee018834a30b518e103bd91b7fabdb15da1,49874093,2500,LI.FI diamond,1018,0.006656637804729934
559,0xed2a45611b967df5647a17dfeaa0dec40806de54,delegated,0x3c9ef4b196718b7ff995db2fe03a4d13a2bf2cbd1fc0d599a6d2e1edd2d52b8e,49873959,2490,LI.FI diamond,8,0.49362356138676755
560,0xec6e5f58da69f457f12c9df0120b1379c0d16bc2,delegated,0xbf91e58d77ddfa3497e2a647f0a7966861cb8801d374bb32a79d1f771aa84731,49873514,395.999692,LI.FI diamond,166,0.000672778715970278
561,0x4808fffe9e6320c2c965eabee9f6e0ec8b748375,plain,0xc8674da7c6910ba452177c82df07434ae46bb31a1b574d27adfdffd8a1bb4f09,49873224,1010,LI.FI diamond,1330,0.007981502553337134
562,0x99acd5bbc57407aadacf3e4517649ec9b3ea69c3,delegated,0x82d5de489b1b38e296507ad35a35d3c5ec8c35c1c5a2865562d40023be6e3ad7,49873174,300,LI.FI diamond,17,0.00997849040826946
563,0xe731db8f56ffec2ff6c7b7c2994fa9c567f5dda4,delegated,0x7fcfe219e5dcc98d6b27bf431ea54bb80e0d6f0d99159eb731b9644341c4ca4f,49873032,1741,Socket gateway,19,0.000513977294717089
564,0x1f634951e81ae703ab36f8b776f476a73542d8fe,delegated,0x38a01b082c3fefc1edafb6f22419405666cccf45cbec3992aee78a7d9b6df76d,49872940,1223.9775,LI.FI diamond,41,3.270458334822404
565,0xf76ba62d09cf03ebd12aace14e727fdc8dd9e44d,delegated,0x964cbaa84f726f3764ffbaa51ee2de3ecf7e2a9147bd0dfd986b0f8ef39348e6,49872140,429.801,Socket gateway,15,4.35366277e-9
566,0x615b274fd1a404fe5f6c59f0b8310cc7f889a9cf,delegated,0xe76a5ed4d85624e0f95bd69b95bcc1063478e3c3607c5ec114934b39087b95d3,49871739,248.742309,LI.FI diamond,485,0.06799290577761995
567,0xe8d6fcc98f53a31a3e8f5a04f1d07200040840e1,plain,0xf13def2da3fede0d9719277c332ca38a1d2ac378d6855e31bf4730948dd6e65b,49871361,1916.922366,LI.FI diamond,28,0.000916603696028548
568,0x229fb668171140b56bf316009f09f6dff084e93b,plain,0x0a3ea1c346702b0bcac61463454cbfaea39917d09cc8e69fb57b51b0e26e23fd,49871196,1060,LI.FI diamond,12,0.04953724981809158
569,0x344725ee1d7dd83f2c05d746e32b3422187d4014,plain,0xa4360d2b08180a3898a2c017f38482c2b1e43d6402363e9b5119140437c1b7c6,49870876,696.765719,LI.FI diamond,63,0.000834725411949239
570,0x068d1d33e8c3966cfbc6be9d7550984e6d841767,delegated,0x915a9a1079f63664c51467745dc4fd85067306f198b76839e96d69dee17e36ed,49868502,1324.364145,Socket gateway,77,0.03577512066755997
571,0x5495e0e1a4f91f00e5ef04cd0a9af2b334ae1098,delegated,0x6ffaa1e58240448ce5c51f25851cd5a29a7454cc03a45398cc50933f3707540d,49867895,602.865175,LI.FI diamond,136,0.000613264938982647
572,0xcc2a6c936f3765b7adfc695960ffea5a9828d309,delegated,0x9e20ea2588a874596140ebce877fdb184beed0ee5b5bcef348860ac296448801,49867438,288.367793,LI.FI diamond,1764,0.009750848672937452
573,0xa645e89a04fa63bc4f3fae82f74b0c7f5d5aa512,delegated,0x276fa95accbe298d3f582ed3c36abcb9e911b1019980d5078d496a7bd0037d91,49867006,300,LI.FI diamond,1054,0.05454711838789606
574,0xf5266243d15f90b8625fe734676fb4739d1919a4,delegated,0xa6b533d09a8f33592fa9b1b7bd5fa07d82e1436b6c71f8455ef58593a90768a2,49866551,500,LI.FI diamond,46,0.000585220007409952
575,0x34ad417020d10b6c7ede4af24781525698670544,plain,0x4187c313ea2f71e004050cfd0de80249d33ac544fc1a19e2bb0ab6cdc88b74a0,49866485,576.970722,LI.FI diamond,36,0.000592202865954067
576,0xbafee8fd1331a26088183222edb4160462631665,delegated,0x488ed7935cbded82228810407b3e4bcbfcd68b244cc1ead30490982d67bb4747,49866386,2000,LI.FI diamond,23,0.004641592513459029
577,0x95b8b95947831962fb459fd88c28cd2a84965914,delegated,0x2c8fa4965a09a19a41a53efd7e5a6a521c5509d68dc9c370550247e8c307ce5d,49865864,2000,LI.FI diamond,298,0.001418297210219615
578,0x9121b902adcb9f9d30aeb370f0a34624dcd2396b,plain,0x154dd741a57aac22a3a8851e193398eaa2facbec02996b46922580edb86ff066,49864166,2794,Socket gateway,370,0.03961172388187301
579,0xb23b4e24f4c1a348f141a8727b864ff24b982614,delegated,0x116b67f6fd828398dcc85af714ccc387f1fba10d50195ca6c0f073522b17ae45,49863962,2000,LI.FI diamond,6224,0.009808874773155197
580,0xfbc1b02c161aa4d54c5a2511f94508758fb9f5c5,delegated,0xeea7bafb6ceb77f00f16f451da0e6a229d7b4800e403b83d3a4cc695581125cd,49863777,1000,LI.FI diamond,1504,0.001568747779875792
581,0xc1fa313fb7bded5c9292696c7fdeba9ee1fd1054,delegated,0x6c756344bb6b16debbd22ae7ebbdc7fe1d59857f627d2644ff79a4a66bc70dbf,49863218,15652,LI.FI diamond,208,0.000030395453323049
582,0x6339e1d96b3d8b924161a9a5c92418e35e52f014,plain,0x01bb951847bca0ffaac20bd1a450b61a277d6d87e9550b96cfbcc07b31682b65,49862909,1138.296929,LI.FI diamond,1040,0.003947378085938536
583,0x6947f763a87e2c0ceb1e0bc7c2f8e0bd96e88ec9,delegated,0x28a07ee99867b28270a53a3415e845a3ed09740b0969926aa98997891c31febd,49862179,550,LI.FI diamond,15191,0.000030386548598451
584,0x2d5d6acc4b14cf86d8a43676c817bdb85584dd07,delegated,0x2a7ad0230b28f71b9baa13db71576251e686a4c98b63af1d8b850c9331e49156,49861921,300.055546,LI.FI diamond,16,0.001151420551653403
585,0xe9a410ed3215899c3071d51058fe61315a183960,plain,0x00cd7cc04869ac9526dd95ab430836d5b1228b70a660e5261d042aa3b93c694a,49861742,500,LI.FI diamond,188,0.018099930437063597
586,0xf12b4b6499ea0c906f1896e0f12f2a6df694d685,plain,0x9230117c639791d3a6a5fc2c1fae406425ef1d5ac726953fd122451b3b25b683,49861523,1012,LI.FI diamond,1362,0.05346648234977116
587,0x82dcdf13e2a06376c6d57570301cd4379e34b974,delegated,0x4232bddd22fc8f8ea69dab0da2a6c05b3e4fcfb8daf193ceef81303d02966bbf,49861170,350,LI.FI diamond,18,0.000099302459834025
588,0x15419517cd7eb4cec6ea76f668acfdaa8e058bfb,delegated,0x128d0d5332794230d5cd1ede5e1b43bd7a4747ed5a4db6faf3f630b050f9e29f,49858695,230.32316,LI.FI diamond,167,0.02212559074510472
589,0x97fe9b309540e007ecc4f9965ccf05961fa009dc,delegated,0xdeb403d181fd7675aebd4f59e10c96cc808e2fcb4a41c47628d3f975daadfddd,49858476,518.905884,LI.FI diamond,5,0.000015675165896792
590,0x30c34a09f99f1f51cd9aefe795db5dddf17e649a,plain,0x84ddffa776bc094e88826f63d1b2bc94792d0c676edb8291504d7d2372c0b610,49858429,500,LI.FI diamond,42,0.004406770432708915
591,0x45efc859aa1cc4db7abcdc33a5494bfda4df1940,plain,0x5c8fd87d40ef3cbc1964a39cab32e30970c5e6f1dbfa34165ad036ed5d92e819,49858403,7056.926371,LI.FI diamond,24,0.11400004908607923
592,0xf6a700f1914e0792f47616c770ec242dfb6641e0,delegated,0xc4ff507a76b5ee7dea3438db21f6e8b31d59814c2f475dad41b10709afc83570,49858380,580.357505,LI.FI diamond,492,1.3606960108e-8
593,0xcc1561a3826b30280e2f052574094042fde2fcea,delegated,0x7ec530fa46202e141e878889af6f86f014939376a7bb37dfd615f419a7a95837,49858192,450,LI.FI diamond,807,0.006480627802555848
594,0x9ef6862dc5bc08b5705dae0404e83c7a55924f79,plain,0x93fcdacb3ae7b05300016854445aef0c9d65cc7258b11af0613f5e465a829a82,49858175,1110.652823,LI.FI diamond,48,0.00146821648864089
595,0xbe77bc72e7ef28946aba7f95ebbe27b7730f4475,delegated,0x9553b598ff103a0925cfc765dba74c00c53ed2a0acb11030317b04f91269f73e,49858108,18580.346555,LI.FI diamond,117,0.000796324908128334
596,0x9ac8b62e52fb714605e452b5dc97ee5a51ac4c3c,plain,0x982bba50be12d7c2b969ed3d4bc614b8fef132980d0bf599fd934025fc0fd4ef,49857790,234.916491,LI.FI diamond,23,1.24404778268e-7
597,0x37463bd4a3f4e58ff934fec52f6566485a6d2964,delegated,0x48c57d8e2edd6d00b1aae0f8bf43d331f1fa1e76ca605eab039cbd8e2fb7c5a9,49857601,359.007388,LI.FI diamond,499,0.00006319516999629
598,0xefd1f4f05a9434856fae5c350031453fd94fc4fa,delegated,0x6d3fc7966849df470f69fef998f35c3abc5217642e0c84343fde9d02f2ab6e71,49857253,885,LI.FI diamond,158,0.001041572892386103
599,0xbf0909c67f8ba396e99d49065b14b613699836c5,delegated,0x5d24c9409fe642ffa811a24f81d7551a3d184bb453ff698d26db7ccea8fe0257,49856883,496.810606,LI.FI diamond,33,0.00261766310193591
600,0x970e3868a94e06e604b1705a0238c1331afc276a,delegated,0xa516e56a26f9dee8816d3243e81cc9df98864c0db27b19997a74cb052e2d2637,49856873,300,LI.FI diamond,1368,0.06006047899368053
601,0x1c826be35c8757bf5201bd19df5b3294446ad48a,delegated,0xd3585bf870fcda99f70b988a5ebbb584656a124d9cf72ac73c65374fce3233ce,49856833,229.814827,LI.FI diamond,122,0.012345996159935943
602,0xb549b1e60551e14572a1ffefdb18739d21ada800,delegated,0x24a997bae60f7f2f94ad4ddc6ffa02131a5795e2c8018485ae4020f6d9ad4e12,49856392,424.57835,LI.FI diamond,18,0.009874133255327239
603,0x29889a4da5d57de6b0ccd19104f73b9f97b7cf76,delegated,0x7a18928e3babcd0515ecc8f2f30a58b5026dbe5347bfd7180b3d4e022b325bb2,49856370,521.848582,Socket gateway,17,0.001064790255600658
604,0x87816e71c1ae9ed200e3489e961c7cc5911bb2a1,delegated,0x6df773251d1ab73221b633eb148d20470df322f6ce4e6fefc465bc8379d553e2,49856260,3500,LI.FI diamond,78,0.000745719547927811
605,0x75a69c2b1b9b782e22fd9e62b4df6976f5865744,delegated,0x377348d23c18673cada6e14f9b767e24bda4c70f602dc2970a91d9186ad4b55b,49856149,250,LI.FI diamond,50,0.0000975521617
606,0x624095aabd0d6dbe90dd8ebff288de5f198328dd,plain,0x511a9821ad2f96b0036903696e9eda68e49b1dc3e20e3c76c5b7150e2e16c479,49856106,700.100499,LI.FI diamond,160,0.002131052440768181
607,0x50aeb9b9b5519b475223dc1cf78703d8a2943b1c,plain,0x868241a1c7a2aac6fbd1516afb55799b86b4e2fe25bfea52f785f53340631950,49855976,748.899068,LI.FI diamond,85,0.007515357293554426
608,0x11f0a2c00efa590d97aa11a47ec42600bcc18aa1,delegated,0x2b2ef8aa4ef8c5942d70c1ab0a0241a7039c8837bba349aa6754be5c6e7dbadf,49854281,355.413699,LI.FI diamond,13,0.02090333672669911
609,0x36c3580f374ae55bba2a976d667abd44e00506f4,plain,0xcb5619a48507f4670058efb232587bfb4e6d740dd9373e93186f5a6a75a7ad5e,49854075,305,LI.FI diamond,6,0.17166798287460122
610,0xc9629b295db51ab102541a4f0cc68b0fb12893f7,plain,0xe39f321a90e191829b2802524565a724c80cc61196d6587e750094b9a71d8670,49853656,1569.468065,LI.FI diamond,152,0.023844777715598904
611,0xc492e4280607f506b9dd36b918673d915993ea12,delegated,0x4e4a6da22ddb0ada20aa20b88551e78267609e92dfab3ddfc61f6d4c84cf8f9e,49851994,12180,LI.FI diamond,300,7.31569979213e-7
612,0xf80a5fe76e2485b76bc406b70f7ebbb6fe42d675,delegated,0x9290f7a8311db6fff45b22a9b4b87c18b725cabd8142458ecc026796d17d452a,49850043,269.528631,LI.FI diamond,165,0.00040336036560484
613,0xb51d56d2b3b397a5511094c0f378dd57294a5cd7,plain,0x33d8e060292216b33b4e0c9f2c95b061cee53b9a5519d9292a677555e634144b,49849789,6137.38618,LI.FI diamond,40,0.09724410362985571
614,0x2806f250af7823197ea8301bae63943ee58771f4,delegated,0x4666cc1868538e55c4334c7de444103f5801dc3219c5f716b75628edff875cdd,49849524,423.878237,LI.FI diamond,17,0.03377146532226885
615,0x523ccc62126e97081d776bfde57d5b008359e098,plain,0x7a8baf1b93f489b128b24addcf6162c11bdabfa407304f24666d0e16e8670b7b,49849464,574.429195,LI.FI diamond,12,0.009380004494639016
616,0xb306899df6e9416bd0eca0d440a87fb051c3394d,delegated,0x4b8a037cc650e197e9c3120dd5c0dff319c22d0c269e0e765089c9cd02ed59d6,49849167,6170,LI.FI diamond,259,0.001748061388832351
617,0xe18bba0ff9b3af102d0b159aecc63ddcf51b5989,delegated,0xa0cd6957300b270140c2d712eade67e206a27b0a05f6395bfa6791f6fbb8c480,49847951,230.813211,LI.FI diamond,390,0.0027691552269229
618,0x17d5e40ad5cea7febb981743a084f32495df9a65,delegated,0x16c2ad13949747b3633222981e1939baa84c0fec303579b0371928e62111cd04,49847411,485.542392,LI.FI diamond,115,0.04882761208896848
619,0x31ed12c34ba837c55dbc53ba24455a11bcb5a20a,plain,0x227e712b49d8b46de8dff4379253ddfdf68d5164c317477bc2b9a97705d6da63,49847272,1522.23378,LI.FI diamond,7,0.000456919239853362
620,0x7c8131b2ff6f4ef4a1cc37945f0b085286d093a7,delegated,0x60ce565ff7851f358226e2145e6e4e4dbe1de1c9c6fc0fc7f46a91f98c69c130,49846735,15122.587844,LI.FI diamond,4489,0.04087337125813484
621,0x70ceb22b65490b884d5b81df77fab834764c850c,delegated,0x60b108264734bb60f93c2bae32cb535a4cf8e0343e533f43609ba1388fed479b,49846462,1000,LI.FI diamond,3546,0.007635663965146551
622,0x5cc404055a6958d1fee9cf7514560438ac2a785f,plain,0x3e75960eb5269679433d21e4bc17a8870f1238854542b3b325178c1d40505ff4,49846429,6859,LI.FI diamond,91,0.000644569332351522
623,0x313f227b88b3dfab7c1bc84cbdb0780d9ae0c4bb,delegated,0xc3f8094a57b384d281204273a0a8e9ee348a2ae970bf383fd4f7168e3e100249,49845918,2671,LI.FI diamond,319,0.013069047187276788
624,0x5f900d3a623ac86f0903e032cbf749ac0bcb2cc3,plain,0xee392e427f49df87e4a042c7cc05d642229360e69efdd2074da27e36f086f9fd,49845586,3416.446973,LI.FI diamond,9,0.004802427689535753
625,0x69c8e0a83e05b9ed4d2c9ae7248f624df3a1b262,delegated,0x17b8e5c336e60c2f5e5a8a3ed87a60e3b5478e6b63508b6599df9e9ff9a25593,49845459,255.82779,LI.FI diamond,428,0.000320052578875916
626,0x2d393e007f144ef5f83d12b4773565fbc9ad95c9,delegated,0x700605e148897b8d6cd1ceba2f3bb958e931a68f267693fa02310f25d6a2a1d0,49844706,694.219875,LI.FI diamond,10,0.3654658795233246
627,0x46c135fbb6393f8ccd1a7110eeea04524cdcfb3d,delegated,0x46bfd49fa92bbcd60de825a7e197c23afc4df195d2fc57aa9d613f1c44edfadf,49843834,2703.231426,LI.FI diamond,553,0.001032406149342904
628,0x8307681ab7a6eb3b9bbf7ed1ac32a2c8ec28a2de,delegated,0x9aa04ee484257aead84be1d3cc3e46faf9309837f69842be32cc2c88f2b3bcf5,49843612,270.11207,LI.FI diamond,688,0.000050702375107095
629,0x6d51addbad52d0c0595c852847c6c3407bd5b2b7,plain,0x8ad41bf2e604df89d61586ad7ae22df78da54b30afbb4665644daeb32e75a63a,49843577,281.53,LI.FI diamond,6,0.001001322746712836
630,0x1217868bec81ffc5bd27d72480c11892b132dab6,delegated,0xf55daaae6d1246ccfc9419ecf4c48ee732e2c6094aad1d9318dac19f2f7667a9,49843394,565.852651,LI.FI diamond,650,0.21167607385699977
631,0xead6605b9e105e28bd35e9f494131c10c1281ce9,plain,0xd4795db6575d4ca0f953e2c4078e987672eaed192230ce6e8b3702460be48f8a,49843086,500,LI.FI diamond,2166,0.000063517563145173
632,0x0644e6d9727d9cd53c60db055c5f0489f2959a08,delegated,0x5777dcadc39e078a8bf0db1304860865b46e326a237bb5e72bdd7cbdb24375cb,49842730,8448,LI.FI diamond,18,0.000798598347693314
633,0x622df631bb769123fc7b8fed0d2c363045acedcf,plain,0xdcd23e540f6e74d0b58173a169491f2e2e654e717572c08bd2f0fa39f678c5ae,49841766,289.73,LI.FI diamond,504,0.022459382538044744
634,0xa1d6a0ddd1d3a7a8d5e44d7ad43401088845def9,delegated,0x8180fb07cb209f4f78e7497e710c258f5e2fc77e556ba969f32246fcce691668,49841627,500,LI.FI diamond,1801,0.013333865018943536
635,0x9a4c8a96a13079dd04642a6ab25f67132e401f5d,delegated,0x31f9560d5b1987077097a6a24e0e4e806301e45a79d8db05783b719fc1352ecb,49841105,1000,LI.FI diamond,11,0.002758580491211513
636,0x17ed3d54b642aa093ab7e30054ca2d614e24c4c0,delegated,0x07881ebfdd4cb2bf862a2f1f4999d0690c666cf3a03ad0b31508500c5ec027ee,49841094,581.561385,LI.FI diamond,3230,0.000044390075082445
637,0xaf523eda0db29385ead0a5f138b4dff45527eba5,delegated,0xf8cb501b0ed5703fa34d8700e0f02867a126fb1ae6c626b56cc612523d71e079,49841075,268.488905,LI.FI diamond,560,0.19121587955086194
638,0x0e0dc89c0318664a8b2ee1eafb49dd34b6b250d7,plain,0xcf347fa8278d9ddb660ff6f39749686d7f4e908ae34fe9255c6115258bd9e849,49840910,481.805181,LI.FI diamond,83,0.001915659848295078
639,0x044402445e316da4d5400262be6fa265da3e3e72,plain,0xb3c3a1e1cd8f831ffe1ee791512288576507340bd7cc28ac4e26785745cc74d6,49840833,818.300446,LI.FI diamond,134,0.00736461615293003
640,0x7b6e1d869e32ade209bef692a11977f20e2c0570,delegated,0x27fe8009b582960e6a83df3d077afea158bc828fe3e676a7f7af5a033fe79b65,49840201,1863.571436,LI.FI diamond,530,0.9852651001785139
641,0xcec9ac2ff1a81cb5e21d3023ebd56ba87692a2c7,delegated,0xfbe619d0a415e15c0efb287ce1db1aa8a3a31b47104c3b9440d98872b4cd13c5,49840164,235,Socket gateway,39,0.000005598102770849
642,0x9789655898ea251ded990fdce8a5c1b10a3c1ef5,plain,0x2de677d318e31e036d00456f4a664253d4e5538ce871bd2825bc2e7e66a2f6df,49839823,1800,LI.FI diamond,154,0.016367788039401594
643,0xb8e14505cbb275f4e1f5b27c0bc79f94fa35722a,delegated,0x9b75988b66a3b5ba3125ff13c1b250031ea6b0bfd29816da5385faace447691c,49839061,778.627105,LI.FI diamond,290,0.009909802746516108
644,0x5f275ce2015c0602c6a1a117347cef3d30befd7c,delegated,0x37d11942879016b354cfb6200c06fcf61870e304ba29da21ebcbce6b5cb48661,49838516,6500,Socket gateway,12,0.004984231866729265
645,0x129d33ae74acb5173901a6ab923dc7955135bb96,delegated,0x4535d266c906cc8d49dd6104663ea0ba6c022d9456d3b08bfdb8be77184c2fd2,49837983,300,Socket gateway,21,0.000008545243793551
646,0xff4674fb473e3bb47924f5790d1f7eb93f851276,delegated,0xdb00baa758d0eda0512d27e110039c65d4eea245f1859009be59e32008c45374,49837719,900,LI.FI diamond,312,0.0001
647,0x0d0255f497119082e6d9559d78b59fe94413a3b8,delegated,0xaad7b2a6650fc4b3fc20d0a2e4f19e75ab2d20b775887e097698cc2621866a51,49837681,987.377589,Socket gateway,820,0.01641500250727704
648,0x26542d0bc93a63c141a21956337f18773b237882,delegated,0xa36d5ac5beb94fdb820882be6ebe4d7d08c3d88e8676bf75fd8289a0ca0e21ab,49837137,1287.890935,LI.FI diamond,1969,0.03377485946784419
649,0x34f28a625911a44116666d8863b9065273b47a0e,delegated,0xed276e700596f6dd965b3edd9d9d736ab8ae2d7103da29393923acac467dad83,49837123,300,LI.FI diamond,3822,0.000063432326372766
650,0x33c30407c9c194ea9f9aed642ff5737cced725d6,plain,0x31d96debd69246df0698e3c525d6c61729362ff1879e2773515631b0a61ec685,49836598,400.0001,LI.FI diamond,24,0.00293374839248541
651,0x1d0fc93811d8b84284aff508619202229f4ddb3e,plain,0x3faeecf38195cbdd62d354207103f867b35f2368952817c9afcb3a481cc3c6de,49836490,2832.447612,LI.FI diamond,176,0.000390736973713374
652,0xc34ee6aa91357708ab308befc0422c3f85221250,plain,0x64e25b30a1d3b504b0daffe1dc74a83a2e43e12c5799c6d2784650124286bf53,49836319,460.443184,LI.FI diamond,20,0.002515977425634488
653,0xe0eadaabaa33221a520b9aeac169b22df93b9931,delegated,0x58c21a7b8d86b6e8319b02cd3ce56a62235e2227207c20f0ee731e99ac0e301b,49836010,712.180977,LI.FI diamond,25,0.0111871350888006
654,0x359f3c52cf86c58884b5bc354cd99725bf9dc70a,delegated,0xb858ae68dd5db2a644bb8f6913dd97e6a3d1865817f9d74b14a021bf5fd47023,49835983,500,LI.FI diamond,177,0.000989487750333702
655,0xb4de00aa8f1d5240dd2e3072bf72997b447d64b2,delegated,0x60c454431a47b3fa02d1a330a00bb6cb1f7779b6d8401684a9ec2f41166a8cfc,49835865,1500,LI.FI diamond,662,0.5484629302838078
656,0x866bb6f77294cb6dd7d90cb6f0c283eaa1c2b387,delegated,0xaa47f610908dac7f7a1c86d1bb8f6625a37dce6ecac129284b8dc0ab5923f471,49835709,1000.88,LI.FI diamond,9,0.00017639108420004
657,0xf940be6dad9feabd6599a2b120472664a63599d9,plain,0xb60c224aa99cba8bb7af07b306e4d0ac477d73afaef0ddc4d0d1723ae86efc67,49835628,875.123809,LI.FI diamond,51,0.1617911403469807
658,0x5f9ddd54d19d4a7d6da010f8a934f9ecfd0149ea,delegated,0x71b6e2cf18efdb8e1635e8f5204b5e785e20e8fc598757ce59fef0428685c4d6,49835625,521.988838,Socket gateway,1040,0.01864244188011504
659,0xe6bfb4958d00d3134d386efe8f4add47a1a7a039,delegated,0xdd65fd251c6ab67d6e4bf2a23393ea87e49fb91ebdd60fafd5b57294a120e235,49835612,520,Socket gateway,530,0.003155996377128193
660,0x57f6d7363a10c0f6f2380ca56b913bb34a53aafb,plain,0xa2221de9bffd5c2f113c2e32b438fc1caa4a3ea83cde83bd0737fdb742b1dbb8,49835313,1000.296,LI.FI diamond,1262,0.002748103062979507
661,0x34f9cd0cb23438f8f00efefe361a4e0f1fc6fb59,delegated,0xd2082099292175e4e6e704d08cff39769b0ea47bfd88e538ba0be7624e4df52a,49835126,250,LI.FI diamond,369,0.000040998027268653
662,0xf1d35430bd508a6613046a2bd5d25188107498e5,plain,0x6f0b57b203be61d864f8e49ac49282612e3d6d7411330aab000dc2273d8b6390,49835070,1050,LI.FI diamond,12,0.025449849000748186
663,0x10dbe4eed824c2e5b3e379d878a1edc85ed5c6ca,delegated,0xb5ae3da66140bca4d1aaf9ee51b169b1ca2fdeb84fad017c39194467541309eb,49835013,897.129711,LI.FI diamond,60,0.00100239220175772
664,0x8be0e4c41ed787e966e70af73aad1839ecde8558,plain,0x2315d36f2418bf3ee3018d20bd0e58e481a2b2dfb0419a87f00e8e8fd045edb3,49834969,3402.691638,LI.FI diamond,180,0.000014222178729775
665,0xcfc80aa7ec43ce3ea418cf245ff3a17f010c4500,delegated,0x5586373e5d1e73c5e4b454720c2baad157433410cba0f4c84e612abbff60c417,49834639,766.390857,LI.FI diamond,159,0.01682985395413433
666,0x8d6250596a02ef0cba8317b22cacf66220d6fc74,delegated,0xc0b055b836257718e2a8241c2b9533417d7b61178bad4192b4f88ce877fb3f54,49834567,453,LI.FI diamond,695,0.001944829094091727
667,0x7de865445430e07abf6de592857657b39a45e229,plain,0x677b0a6808e08be78f3bfd11c8b5b772fb10d7a7ca9c2799ea533dce15948a4d,49833955,1035.140451,LI.FI diamond,2440,0.004378261685688938
668,0xc5fc7fdbb303e3b0861ed755dfa8391adb157402,delegated,0xea83030148304b878c87bc33b6e364ea634cb52e2af207686a9e4092538291fc,49833541,1628.062677,LI.FI diamond,724,0.000120604548342229
669,0x061aa9b68790a124eb451f7b3e9619c28a07a4e9,plain,0xc3a2e21930e36101c5500f15acbc09ecf9b059de97d0541bf8afd1927e9b23f5,49832951,739.66725,LI.FI diamond,7,6.5800463104e-8
670,0x2305df59bc85bd7b5e7dd79c45b5fa8379d5579d,plain,0x91f02fe9d4f054326047f9b1b2495dca4bd831a79edd3853fe5389ddf7719576,49832604,20000,LI.FI diamond,28,0.004965060480215139
671,0xe800c987c0549062ec6205c215f4d63f30bd8bd5,delegated,0xe1499203a49c6bded8da07bf38ce1ddbebe70bdce5b5a6bfa0b8b65326252e71,49832548,260.183529,Socket gateway,113,0.000020856156916734
672,0x085059ccdff77fbeb98c5e7f635e998ecb737668,plain,0xf7b2280f230d9b9bdca25034b12544d3b055a1474dd5fafac8b1b03b1dc5aecf,49832456,2400,LI.FI diamond,84,0.04568894795742107
673,0x7dd60ee8a88ed1b34d95c0593e902d307cd9a2b1,delegated,0xca7665628d963cf142fac6a9063313134a3a8167092eba18abb990cdab534516,49832238,7499,LI.FI diamond,68,0.013908868651251648
674,0x33ca0a273e988572c2d8e2f57bf069940ba3aed5,delegated,0x296581331803ecbd8aa0efb2727b8453ad659d66b4143bdbc62cf47dc87690d7,49831252,500.000099,LI.FI diamond,1090,0.000014003613461803
675,0x96e9c859d1709960f9e74ef226e11372ecf4db05,delegated,0x57a814963875b4cc0b46d3fbdcdaccc51d27952b59807d7ccd5af7bd81d80efb,49831235,402.888379,LI.FI diamond,3986,0.000707068404302688
676,0x031e44347de34e0fa0b32d500d0ee656b7fbdb6f,delegated,0xc9edf7404e3cb513fc0eb35cb7d496e9a1cd04f1aa0acc8686d8d2b2425591b6,49830534,264.893418,LI.FI diamond,468,0.000418010574159043
677,0xb9c0e4232317834511be59964e5259d3d4ba8926,delegated,0xb1598a04482c3871f0ae81a3bd6a1a1f0e55d835930f39c4d08d69aadf056d13,49830370,500,LI.FI diamond,1075,0.028773459319173585
678,0xd2d5a91bbef42712b01a90b9ddb0e787b0642359,plain,0x00a4f028b8d9840ee48821050b46c27bac77e50e716c1af9a25420b8ea670c80,49830269,371.060815,LI.FI diamond,1129,0.013489705495239814
679,0xd077fd80a39067bf77859f61d2e43f38cac9f23e,delegated,0xdea544e8aaaef5b7495bf5da9aceff585044c6e88ae74e33e0216f9135cc7f43,49829548,430,LI.FI diamond,11,0.001559908574056173
680,0x819e43012cd92caa99cffcd94507842685328af5,delegated,0x25234945dedd68addd3643c106e71860e61888d7587edec8deb058905b0fc6d7,49829245,600,LI.FI diamond,160,0.016305225427113074
681,0x1dd5f6efb2cec0e8267eb71af34601fe099eb41b,delegated,0x48b822aa889ee93493619da91681f77848190b2d4ca052fa74369e60e7e93f02,49828751,374.803517,LI.FI diamond,12,0.04332378501993725
682,0x64b68a5a63ec879a736d964d605fed66540d5a4e,delegated,0x1e8c54db2f819bae9021c55a001ba8c0663778446b1a4e44a9d6e58752699caf,49828195,338.175367,Socket gateway,194,0.003021727745753354
683,0xcdd7ad5cbcc6427ee0ce9622b72601cab7c9b634,plain,0x7397accb785b711d6eeceb9818abe726011e9967a1adf7b6eab04bcbf1acd13a,49827419,402,Uniswap universal router,408,0.027669009187927005
684,0x2279122cc80b30b77acfcf07ae304bfa8186c51f,delegated,0x4f5e57211d219641a9c764bfa9e5f2ba7e515763b67f6b6fa21546bfaf82422a,49827081,254.600326,LI.FI diamond,2145,0.000242725659323105
685,0x57a12d45b6d3a4605a07c3dece38f1af54cbd93a,delegated,0x8802cc6537b3c5ae8e35ad1beb1ab2288f1f6ae3f6daabc88bb233c387793ca7,49827038,17397.260068,LI.FI diamond,22,0.1055286303847303
686,0x68880320aea0a4843eed3bd79b196597631d6a3b,plain,0xd674f0bb50ccffb6b622ed62742cb6f05b61caa2910582f25161c86ce30598f8,49827036,396,Socket gateway,146,0.013372980683943003
687,0xfc9252a20e201cb6ed262c0df66aeddaf9eff767,plain,0xa89125f0c6a9aab5530f120e7c063023718ea32e0ae8f931c6ccfa74e71cf963,49826744,270.000198,LI.FI diamond,192,0.003111843020245635
688,0x2c2e209465d5312e6df0cd5f7d1066f1aff9a953,delegated,0x69b32e11100c72f41efebfeb911c8f06a81cd397d934c913af1b388c40ab8644,49826649,720,LI.FI diamond,1074,0.011495737390043316
689,0x32dd75ad35b9dc837bdffc9df24e0993afef83a6,delegated,0x1c002eb6cb49787b60cab80e3d6382631afd7c647e7d583bb660adf3aab3a55c,49826644,1997.094449,LI.FI diamond,26,0.000154274747295327
690,0x150dc0cc02a104efc4c4949f578689d020627950,plain,0xdeda12b98fb767f3afc5db87b77d659edc1a695f501f998d3b7666747d092626,49826488,1962.65035,LI.FI diamond,6,0.002997468651909855
691,0xfad413a3fb5068638ef4f5f34c85e39e2ea7d14e,plain,0x2c5f42777797811e96cac4290d21047640fdcd776d28508b88919f26d2ff0c5c,49825473,400.801692,LI.FI diamond,37,0.000997945098564911
692,0xd275c930f404a08d1f789ad71529dc685f21ae8b,delegated,0x86865f190cea0a185cb483e10aaa078ab65eece752642fd70bd84a8f66d4681f,49825467,5000,LI.FI diamond,291,0.018883027238111753
693,0x877529b015a084afa044f950e6e113445c546cb7,delegated,0xd2f77f9e0cff1e81cbe9a9aaf832e6e7dc9969b12e96900d4756d517a3c664b4,49825420,1411,LI.FI diamond,62,0.000774058847121087
694,0x2262323e0d140bf96a72b974fb34f07caadf4c30,plain,0x70aee8e28d729a8605e49a8273616d3b6d29e1ec861f6f737122c3d29338da29,49825343,441.182246,LI.FI diamond,40,0.00097683979210278
695,0x0be6dd8f1aa0c6f4c8d28cf852f53552c6e24c86,delegated,0x8204459bc565cae6b17ab1880f0724099772b61bc053e3362add1c6087b9417f,49824763,308.371289,LI.FI diamond,1630,0.018918256714733257
696,0xfb1970045668f3cc95ec956e2b377296d56446c7,delegated,0xfc7aa1f577ba43711d577b83603251ea87e517847e27b008db1b46bc00e26f32,49824184,372.73,LI.FI diamond,39,0.14050627475420538
697,0x5bc8a676dd25b83b35f40e560b8d530f3e1b66af,delegated,0xada4a0b3f87b5089d4b9073d682c8927b7d0a606c8138344a2bc38044c1bcfd7,49824143,1018.490486,LI.FI diamond,751,0.000683950036311542
698,0x28b0259916969f14f16b624cbee0edba57a291ce,plain,0x3dcdd508b000e60d565053ad445b9018ae8c09157a4cfd62fa685959dbd2800b,49823688,691.640381,LI.FI diamond,94,0.000020258220022096
699,0xb707f637fa37fa39e30fd2424835cb65824af683,delegated,0x9189296b254b80a1421fda0f5e7705613ae024a4791d80471c078b20e2499e6a,49823065,1960,LI.FI diamond,11,0.00258094448840681
700,0x260539a0b26652c50422933622477aea7e525c50,plain,0xaa60ddb82fa8c37dfb0343ca71dbd444949dcaa7cbc91c8d6e215e63855c7292,49823052,9110.580916,LI.FI diamond,97,0.07512984336729833
